chunk,chunk,chunk,chunk,chunk,chunk,chunk,chunk,rmse,rmse,rmse,rmse,rmse
key,chunk_index,start_index,end_index,start_date,end_date,period,targets_missing_rate,sampling_error,value,upper_threshold,lower_threshold,alert
1979-01,0,0,30,1979-01-01,1979-01-31 23:59:59.999999999,reference,0.0,0.11003455390382959,0.7179413344822012,1.1099315819938909,0.25981762285152155,False
1979-02,1,31,58,1979-02-01,1979-02-28 23:59:59.999999999,reference,0.0,0.1157792996914601,1.0670880725611813,1.1099315819938909,0.25981762285152155,False
1979-03,2,59,89,1979-03-01,1979-03-31 23:59:59.999999999,reference,0.0,0.11003455390382959,0.9724272769045127,1.1099315819938909,0.25981762285152155,False
1979-04,3,90,119,1979-04-01,1979-04-30 23:59:59.999999999,reference,0.0,0.11185343008259488,0.7649535854836108,1.1099315819938909,0.25981762285152155,False
1979-05,4,120,150,1979-05-01,1979-05-31 23:59:59.999999999,reference,0.0,0.11003455390382959,0.6463716304181953,1.1099315819938909,0.25981762285152155,False
1979-06,5,151,180,1979-06-01,1979-06-30 23:59:59.999999999,reference,0.0,0.11185343008259488,0.6362260457864561,1.1099315819938909,0.25981762285152155,False
1979-07,6,181,211,1979-07-01,1979-07-31 23:59:59.999999999,reference,0.0,0.11003455390382959,0.747181059508589,1.1099315819938909,0.25981762285152155,False
1979-08,7,212,242,1979-08-01,1979-08-31 23:59:59.999999999,reference,0.0,0.11003455390382959,0.7264677003086892,1.1099315819938909,0.25981762285152155,False
1979-09,8,243,272,1979-09-01,1979-09-30 23:59:59.999999999,reference,0.0,0.11185343008259488,0.6917311072679321,1.1099315819938909,0.25981762285152155,False
1979-10,9,273,303,1979-10-01,1979-10-31 23:59:59.999999999,reference,0.0,0.11003455390382959,0.6911449489949008,1.1099315819938909,0.25981762285152155,False
1979-11,10,304,333,1979-11-01,1979-11-30 23:59:59.999999999,reference,0.0,0.11185343008259488,0.7474457040899523,1.1099315819938909,0.25981762285152155,False
1979-12,11,334,364,1979-12-01,1979-12-31 23:59:59.999999999,reference,0.0,0.11003455390382959,0.6930599887195511,1.1099315819938909,0.25981762285152155,False
1980-01,12,365,395,1980-01-01,1980-01-31 23:59:59.999999999,reference,0.0,0.11003455390382959,0.6419699162604392,1.1099315819938909,0.25981762285152155,False
1980-02,13,396,424,1980-02-01,1980-02-29 23:59:59.999999999,reference,0.0,0.11376559304071444,0.7814494389232999,1.1099315819938909,0.25981762285152155,False
1980-03,14,425,455,1980-03-01,1980-03-31 23:59:59.999999999,reference,0.0,0.11003455390382959,0.7059064554609242,1.1099315819938909,0.25981762285152155,False
1980-04,15,456,485,1980-04-01,1980-04-30 23:59:59.999999999,reference,0.0,0.11185343008259488,0.7822036799741328,1.1099315819938909,0.25981762285152155,False
1980-05,16,486,516,1980-05-01,1980-05-31 23:59:59.999999999,reference,0.0,0.11003455390382959,0.7732746936177401,1.1099315819938909,0.25981762285152155,False
1980-06,17,517,546,1980-06-01,1980-06-30 23:59:59.999999999,reference,0.0,0.11185343008259488,0.6982431406999305,1.1099315819938909,0.25981762285152155,False
1980-07,18,547,577,1980-07-01,1980-07-31 23:59:59.999999999,reference,0.0,0.11003455390382959,0.600593244122507,1.1099315819938909,0.25981762285152155,False
1980-08,19,578,608,1980-08-01,1980-08-31 23:59:59.999999999,reference,0.0,0.11003455390382959,0.8337801609103402,1.1099315819938909,0.25981762285152155,False
1980-09,20,609,638,1980-09-01,1980-09-30 23:59:59.999999999,reference,0.0,0.11185343008259488,0.6136619720518016,1.1099315819938909,0.25981762285152155,False
1980-10,21,639,669,1980-10-01,1980-10-31 23:59:59.999999999,reference,0.0,0.11003455390382959,0.8342391468868676,1.1099315819938909,0.25981762285152155,False
1980-11,22,670,699,1980-11-01,1980-11-30 23:59:59.999999999,reference,0.0,0.11185343008259488,0.7520148456470565,1.1099315819938909,0.25981762285152155,False
1980-12,23,700,730,1980-12-01,1980-12-31 23:59:59.999999999,reference,0.0,0.11003455390382959,0.7616445386379124,1.1099315819938909,0.25981762285152155,False
1981-01,24,731,761,1981-01-01,1981-01-31 23:59:59.999999999,reference,0.0,0.11003455390382959,0.9020424769521534,1.1099315819938909,0.25981762285152155,False
1981-02,25,762,789,1981-02-01,1981-02-28 23:59:59.999999999,reference,0.0,0.1157792996914601,0.7918175572587325,1.1099315819938909,0.25981762285152155,False
1981-03,26,790,820,1981-03-01,1981-03-31 23:59:59.999999999,reference,0.0,0.11003455390382959,0.9330354693852737,1.1099315819938909,0.25981762285152155,False
1981-04,27,821,850,1981-04-01,1981-04-30 23:59:59.999999999,reference,0.0,0.11185343008259488,0.5749290146964373,1.1099315819938909,0.25981762285152155,False
1981-05,28,851,881,1981-05-01,1981-05-31 23:59:59.999999999,reference,0.0,0.11003455390382959,0.6837720081687503,1.1099315819938909,0.25981762285152155,False
1981-06,29,882,911,1981-06-01,1981-06-30 23:59:59.999999999,reference,0.0,0.11185343008259488,0.9140374205515004,1.1099315819938909,0.25981762285152155,False
1981-07,30,912,942,1981-07-01,1981-07-31 23:59:59.999999999,reference,0.0,0.11003455390382959,0.7389536683367008,1.1099315819938909,0.25981762285152155,False
1981-08,31,943,973,1981-08-01,1981-08-31 23:59:59.999999999,reference,0.0,0.11003455390382959,0.7462893673882511,1.1099315819938909,0.25981762285152155,False
1981-09,32,974,1003,1981-09-01,1981-09-30 23:59:59.999999999,reference,0.0,0.11185343008259488,0.5904552254241019,1.1099315819938909,0.25981762285152155,False
1981-10,33,1004,1034,1981-10-01,1981-10-31 23:59:59.999999999,reference,0.0,0.11003455390382959,0.7376481450277904,1.1099315819938909,0.25981762285152155,False
1981-11,34,1035,1064,1981-11-01,1981-11-30 23:59:59.999999999,reference,0.0,0.11185343008259488,0.7275064029073308,1.1099315819938909,0.25981762285152155,False
1981-12,35,1065,1095,1981-12-01,1981-12-31 23:59:59.999999999,reference,0.0,0.11003455390382959,0.6899650172915072,1.1099315819938909,0.25981762285152155,False
1982-01,36,1096,1126,1982-01-01,1982-01-31 23:59:59.999999999,reference,0.0,0.11003455390382959,0.6504343968768875,1.1099315819938909,0.25981762285152155,False
1982-02,37,1127,1154,1982-02-01,1982-02-28 23:59:59.999999999,reference,0.0,0.1157792996914601,0.6666998621039844,1.1099315819938909,0.25981762285152155,False
1982-03,38,1155,1185,1982-03-01,1982-03-31 23:59:59.999999999,reference,0.0,0.11003455390382959,0.8643759719035035,1.1099315819938909,0.25981762285152155,False
1982-04,39,1186,1215,1982-04-01,1982-04-30 23:59:59.999999999,reference,0.0,0.11185343008259488,0.8355400881099734,1.1099315819938909,0.25981762285152155,False
1982-05,40,1216,1246,1982-05-01,1982-05-31 23:59:59.999999999,reference,0.0,0.11003455390382959,0.8036027125587863,1.1099315819938909,0.25981762285152155,False
1982-06,41,1247,1276,1982-06-01,1982-06-30 23:59:59.999999999,reference,0.0,0.11185343008259488,0.6144420444747102,1.1099315819938909,0.25981762285152155,False
1982-07,42,1277,1307,1982-07-01,1982-07-31 23:59:59.999999999,reference,0.0,0.11003455390382959,0.7018603637746181,1.1099315819938909,0.25981762285152155,False
1982-08,43,1308,1338,1982-08-01,1982-08-31 23:59:59.999999999,reference,0.0,0.11003455390382959,0.6153817100901668,1.1099315819938909,0.25981762285152155,False
1982-09,44,1339,1368,1982-09-01,1982-09-30 23:59:59.999999999,reference,0.0,0.11185343008259488,0.8408353783148401,1.1099315819938909,0.25981762285152155,False
1982-10,45,1369,1399,1982-10-01,1982-10-31 23:59:59.999999999,reference,0.0,0.11003455390382959,0.6193345903930942,1.1099315819938909,0.25981762285152155,False
1982-11,46,1400,1429,1982-11-01,1982-11-30 23:59:59.999999999,reference,0.0,0.11185343008259488,0.6864146082111268,1.1099315819938909,0.25981762285152155,False
1982-12,47,1430,1460,1982-12-01,1982-12-31 23:59:59.999999999,reference,0.0,0.11003455390382959,1.0994758859817215,1.1099315819938909,0.25981762285152155,False
1983-01,48,1461,1491,1983-01-01,1983-01-31 23:59:59.999999999,reference,0.0,0.11003455390382959,0.9539573707846712,1.1099315819938909,0.25981762285152155,False
1983-02,49,1492,1519,1983-02-01,1983-02-28 23:59:59.999999999,reference,0.0,0.1157792996914601,0.7160400968639052,1.1099315819938909,0.25981762285152155,False
1983-03,50,1520,1550,1983-03-01,1983-03-31 23:59:59.999999999,reference,0.0,0.11003455390382959,0.8053228653194676,1.1099315819938909,0.25981762285152155,False
1983-04,51,1551,1580,1983-04-01,1983-04-30 23:59:59.999999999,reference,0.0,0.11185343008259488,0.8803646807372189,1.1099315819938909,0.25981762285152155,False
1983-05,52,1581,1611,1983-05-01,1983-05-31 23:59:59.999999999,reference,0.0,0.11003455390382959,0.64746523121771,1.1099315819938909,0.25981762285152155,False
1983-06,53,1612,1641,1983-06-01,1983-06-30 23:59:59.999999999,reference,0.0,0.11185343008259488,0.8409961474754282,1.1099315819938909,0.25981762285152155,False
1983-07,54,1642,1672,1983-07-01,1983-07-31 23:59:59.999999999,reference,0.0,0.11003455390382959,0.6674331101440223,1.1099315819938909,0.25981762285152155,False
1983-08,55,1673,1703,1983-08-01,1983-08-31 23:59:59.999999999,reference,0.0,0.11003455390382959,0.7896462368420525,1.1099315819938909,0.25981762285152155,False
1983-09,56,1704,1733,1983-09-01,1983-09-30 23:59:59.999999999,reference,0.0,0.11185343008259488,0.6614526221189901,1.1099315819938909,0.25981762285152155,False
1983-10,57,1734,1764,1983-10-01,1983-10-31 23:59:59.999999999,reference,0.0,0.11003455390382959,0.6041945482466711,1.1099315819938909,0.25981762285152155,False
1983-11,58,1765,1794,1983-11-01,1983-11-30 23:59:59.999999999,reference,0.0,0.11185343008259488,0.6513120716342857,1.1099315819938909,0.25981762285152155,False
1983-12,59,1795,1825,1983-12-01,1983-12-31 23:59:59.999999999,reference,0.0,0.11003455390382959,0.7786080962335643,1.1099315819938909,0.25981762285152155,False
1984-01,60,1826,1856,1984-01-01,1984-01-31 23:59:59.999999999,reference,0.0,0.11003455390382959,0.7972102744868826,1.1099315819938909,0.25981762285152155,False
1984-02,61,1857,1885,1984-02-01,1984-02-29 23:59:59.999999999,reference,0.0,0.11376559304071444,0.790290149883792,1.1099315819938909,0.25981762285152155,False
1984-03,62,1886,1916,1984-03-01,1984-03-31 23:59:59.999999999,reference,0.0,0.11003455390382959,0.7665734761239964,1.1099315819938909,0.25981762285152155,False
1984-04,63,1917,1946,1984-04-01,1984-04-30 23:59:59.999999999,reference,0.0,0.11185343008259488,0.8234424698762448,1.1099315819938909,0.25981762285152155,False
1984-05,64,1947,1977,1984-05-01,1984-05-31 23:59:59.999999999,reference,0.0,0.11003455390382959,0.8794750529715039,1.1099315819938909,0.25981762285152155,False
1984-06,65,1978,2007,1984-06-01,1984-06-30 23:59:59.999999999,reference,0.0,0.11185343008259488,0.6643614589929715,1.1099315819938909,0.25981762285152155,False
1984-07,66,2008,2038,1984-07-01,1984-07-31 23:59:59.999999999,reference,0.0,0.11003455390382959,0.8702989726820096,1.1099315819938909,0.25981762285152155,False
1984-08,67,2039,2069,1984-08-01,1984-08-31 23:59:59.999999999,reference,0.0,0.11003455390382959,0.7279028965789575,1.1099315819938909,0.25981762285152155,False
1984-09,68,2070,2099,1984-09-01,1984-09-30 23:59:59.999999999,reference,0.0,0.11185343008259488,0.6593966951913586,1.1099315819938909,0.25981762285152155,False
1984-10,69,2100,2130,1984-10-01,1984-10-31 23:59:59.999999999,reference,0.0,0.11003455390382959,0.7554125493854001,1.1099315819938909,0.25981762285152155,False
1984-11,70,2131,2160,1984-11-01,1984-11-30 23:59:59.999999999,reference,0.0,0.11185343008259488,0.6826245977660163,1.1099315819938909,0.25981762285152155,False
1984-12,71,2161,2191,1984-12-01,1984-12-31 23:59:59.999999999,reference,0.0,0.11003455390382959,0.7607831747616726,1.1099315819938909,0.25981762285152155,False
1985-01,72,2192,2222,1985-01-01,1985-01-31 23:59:59.999999999,reference,0.0,0.11003455390382959,0.7046656901729768,1.1099315819938909,0.25981762285152155,False
1985-02,73,2223,2250,1985-02-01,1985-02-28 23:59:59.999999999,reference,0.0,0.1157792996914601,0.8947840163813635,1.1099315819938909,0.25981762285152155,False
1985-03,74,2251,2281,1985-03-01,1985-03-31 23:59:59.999999999,reference,0.0,0.11003455390382959,0.6989513202478692,1.1099315819938909,0.25981762285152155,False
1985-04,75,2282,2311,1985-04-01,1985-04-30 23:59:59.999999999,reference,0.0,0.11185343008259488,0.8328502719318481,1.1099315819938909,0.25981762285152155,False
1985-05,76,2312,2342,1985-05-01,1985-05-31 23:59:59.999999999,reference,0.0,0.11003455390382959,0.7423023345659372,1.1099315819938909,0.25981762285152155,False
1985-06,77,2343,2372,1985-06-01,1985-06-30 23:59:59.999999999,reference,0.0,0.11185343008259488,0.5870198618728103,1.1099315819938909,0.25981762285152155,False
1985-07,78,2373,2403,1985-07-01,1985-07-31 23:59:59.999999999,reference,0.0,0.11003455390382959,0.7400260122768205,1.1099315819938909,0.25981762285152155,False
1985-08,79,2404,2434,1985-08-01,1985-08-31 23:59:59.999999999,reference,0.0,0.11003455390382959,0.6207470469111902,1.1099315819938909,0.25981762285152155,False
1985-09,80,2435,2464,1985-09-01,1985-09-30 23:59:59.999999999,reference,0.0,0.11185343008259488,0.6164198318989215,1.1099315819938909,0.25981762285152155,False
1985-10,81,2465,2495,1985-10-01,1985-10-31 23:59:59.999999999,reference,0.0,0.11003455390382959,0.8930769562080308,1.1099315819938909,0.25981762285152155,False
1985-11,82,2496,2525,1985-11-01,1985-11-30 23:59:59.999999999,reference,0.0,0.11185343008259488,0.665241874619311,1.1099315819938909,0.25981762285152155,False
1985-12,83,2526,2556,1985-12-01,1985-12-31 23:59:59.999999999,reference,0.0,0.11003455390382959,0.6266461292639207,1.1099315819938909,0.25981762285152155,False
1986-01,84,2557,2587,1986-01-01,1986-01-31 23:59:59.999999999,reference,0.0,0.11003455390382959,0.8657569167807438,1.1099315819938909,0.25981762285152155,False
1986-02,85,2588,2615,1986-02-01,1986-02-28 23:59:59.999999999,reference,0.0,0.1157792996914601,0.6537086452349253,1.1099315819938909,0.25981762285152155,False
1986-03,86,2616,2646,1986-03-01,1986-03-31 23:59:59.999999999,reference,0.0,0.11003455390382959,0.8011123967816511,1.1099315819938909,0.25981762285152155,False
1986-04,87,2647,2676,1986-04-01,1986-04-30 23:59:59.999999999,reference,0.0,0.11185343008259488,0.6957888410690278,1.1099315819938909,0.25981762285152155,False
1986-05,88,2677,2707,1986-05-01,1986-05-31 23:59:59.999999999,reference,0.0,0.11003455390382959,0.919043609598877,1.1099315819938909,0.25981762285152155,False
1986-06,89,2708,2737,1986-06-01,1986-06-30 23:59:59.999999999,reference,0.0,0.11185343008259488,0.7067963872345028,1.1099315819938909,0.25981762285152155,False
1986-07,90,2738,2768,1986-07-01,1986-07-31 23:59:59.999999999,reference,0.0,0.11003455390382959,0.6788192920709117,1.1099315819938909,0.25981762285152155,False
1986-08,91,2769,2799,1986-08-01,1986-08-31 23:59:59.999999999,reference,0.0,0.11003455390382959,0.5964083549707234,1.1099315819938909,0.25981762285152155,False
1986-09,92,2800,2829,1986-09-01,1986-09-30 23:59:59.999999999,reference,0.0,0.11185343008259488,0.6629437801563709,1.1099315819938909,0.25981762285152155,False
1986-10,93,2830,2860,1986-10-01,1986-10-31 23:59:59.999999999,reference,0.0,0.11003455390382959,0.49938038141758045,1.1099315819938909,0.25981762285152155,False
1986-11,94,2861,2890,1986-11-01,1986-11-30 23:59:59.999999999,reference,0.0,0.11185343008259488,0.8289207340304835,1.1099315819938909,0.25981762285152155,False
1986-12,95,2891,2921,1986-12-01,1986-12-31 23:59:59.999999999,reference,0.0,0.11003455390382959,0.676992883721019,1.1099315819938909,0.25981762285152155,False
1987-01,96,2922,2952,1987-01-01,1987-01-31 23:59:59.999999999,reference,0.0,0.11003455390382959,0.8139826527682347,1.1099315819938909,0.25981762285152155,False
1987-02,97,2953,2980,1987-02-01,1987-02-28 23:59:59.999999999,reference,0.0,0.1157792996914601,0.63959480789899,1.1099315819938909,0.25981762285152155,False
1987-03,98,2981,3011,1987-03-01,1987-03-31 23:59:59.999999999,reference,0.0,0.11003455390382959,0.7858836867528386,1.1099315819938909,0.25981762285152155,False
1987-04,99,3012,3041,1987-04-01,1987-04-30 23:59:59.999999999,reference,0.0,0.11185343008259488,0.8243023984097173,1.1099315819938909,0.25981762285152155,False
1987-05,100,3042,3072,1987-05-01,1987-05-31 23:59:59.999999999,reference,0.0,0.11003455390382959,0.751635090100044,1.1099315819938909,0.25981762285152155,False
1987-06,101,3073,3102,1987-06-01,1987-06-30 23:59:59.999999999,reference,0.0,0.11185343008259488,0.5996828237084284,1.1099315819938909,0.25981762285152155,False
1987-07,102,3103,3133,1987-07-01,1987-07-31 23:59:59.999999999,reference,0.0,0.11003455390382959,0.7341546624114499,1.1099315819938909,0.25981762285152155,False
1987-08,103,3134,3164,1987-08-01,1987-08-31 23:59:59.999999999,reference,0.0,0.11003455390382959,0.6994629472400904,1.1099315819938909,0.25981762285152155,False
1987-09,104,3165,3194,1987-09-01,1987-09-30 23:59:59.999999999,reference,0.0,0.11185343008259488,0.737632543695022,1.1099315819938909,0.25981762285152155,False
1987-10,105,3195,3225,1987-10-01,1987-10-31 23:59:59.999999999,reference,0.0,0.11003455390382959,0.889046079535927,1.1099315819938909,0.25981762285152155,False
1987-11,106,3226,3255,1987-11-01,1987-11-30 23:59:59.999999999,reference,0.0,0.11185343008259488,0.6023885819981539,1.1099315819938909,0.25981762285152155,False
1987-12,107,3256,3286,1987-12-01,1987-12-31 23:59:59.999999999,reference,0.0,0.11003455390382959,0.6719373311010292,1.1099315819938909,0.25981762285152155,False
1988-01,108,3287,3317,1988-01-01,1988-01-31 23:59:59.999999999,reference,0.0,0.11003455390382959,0.7998221494107234,1.1099315819938909,0.25981762285152155,False
1988-02,109,3318,3346,1988-02-01,1988-02-29 23:59:59.999999999,reference,0.0,0.11376559304071444,0.6816952099143111,1.1099315819938909,0.25981762285152155,False
1988-03,110,3347,3377,1988-03-01,1988-03-31 23:59:59.999999999,reference,0.0,0.11003455390382959,0.579899964166706,1.1099315819938909,0.25981762285152155,False
1988-04,111,3378,3407,1988-04-01,1988-04-30 23:59:59.999999999,reference,0.0,0.11185343008259488,0.7941347694866773,1.1099315819938909,0.25981762285152155,False
1988-05,112,3408,3438,1988-05-01,1988-05-31 23:59:59.999999999,reference,0.0,0.11003455390382959,0.9384479393678459,1.1099315819938909,0.25981762285152155,False
1988-06,113,3439,3468,1988-06-01,1988-06-30 23:59:59.999999999,reference,0.0,0.11185343008259488,0.79643040504901,1.1099315819938909,0.25981762285152155,False
1988-07,114,3469,3499,1988-07-01,1988-07-31 23:59:59.999999999,reference,0.0,0.11003455390382959,0.5279611130205965,1.1099315819938909,0.25981762285152155,False
1988-08,115,3500,3530,1988-08-01,1988-08-31 23:59:59.999999999,reference,0.0,0.11003455390382959,0.6678958307679601,1.1099315819938909,0.25981762285152155,False
1988-09,116,3531,3560,1988-09-01,1988-09-30 23:59:59.999999999,reference,0.0,0.11185343008259488,0.6238809060467597,1.1099315819938909,0.25981762285152155,False
1988-10,117,3561,3591,1988-10-01,1988-10-31 23:59:59.999999999,reference,0.0,0.11003455390382959,0.5507271858572395,1.1099315819938909,0.25981762285152155,False
1988-11,118,3592,3621,1988-11-01,1988-11-30 23:59:59.999999999,reference,0.0,0.11185343008259488,0.8601673435866533,1.1099315819938909,0.25981762285152155,False
1988-12,119,3622,3652,1988-12-01,1988-12-31 23:59:59.999999999,reference,0.0,0.11003455390382959,0.7269630516633497,1.1099315819938909,0.25981762285152155,False
1989-01,120,3653,3683,1989-01-01,1989-01-31 23:59:59.999999999,reference,0.0,0.11003455390382959,0.690359631728949,1.1099315819938909,0.25981762285152155,False
1989-02,121,3684,3711,1989-02-01,1989-02-28 23:59:59.999999999,reference,0.0,0.1157792996914601,0.7030699861369633,1.1099315819938909,0.25981762285152155,False
1989-03,122,3712,3742,1989-03-01,1989-03-31 23:59:59.999999999,reference,0.0,0.11003455390382959,0.7675339220283661,1.1099315819938909,0.25981762285152155,False
1989-04,123,3743,3772,1989-04-01,1989-04-30 23:59:59.999999999,reference,0.0,0.11185343008259488,0.766628417608912,1.1099315819938909,0.25981762285152155,False
1989-05,124,3773,3803,1989-05-01,1989-05-31 23:59:59.999999999,reference,0.0,0.11003455390382959,0.6891274783146455,1.1099315819938909,0.25981762285152155,False
1989-06,125,3804,3833,1989-06-01,1989-06-30 23:59:59.999999999,reference,0.0,0.11185343008259488,0.6391846708125772,1.1099315819938909,0.25981762285152155,False
1989-07,126,3834,3864,1989-07-01,1989-07-31 23:59:59.999999999,reference,0.0,0.11003455390382959,0.7852251600782526,1.1099315819938909,0.25981762285152155,False
1989-08,127,3865,3895,1989-08-01,1989-08-31 23:59:59.999999999,reference,0.0,0.11003455390382959,0.778260735934103,1.1099315819938909,0.25981762285152155,False
1989-09,128,3896,3925,1989-09-01,1989-09-30 23:59:59.999999999,reference,0.0,0.11185343008259488,0.7975646334696046,1.1099315819938909,0.25981762285152155,False
1989-10,129,3926,3956,1989-10-01,1989-10-31 23:59:59.999999999,reference,0.0,0.11003455390382959,0.8534645749001786,1.1099315819938909,0.25981762285152155,False
1989-11,130,3957,3986,1989-11-01,1989-11-30 23:59:59.999999999,reference,0.0,0.11185343008259488,0.5932717469700257,1.1099315819938909,0.25981762285152155,False
1989-12,131,3987,4017,1989-12-01,1989-12-31 23:59:59.999999999,reference,0.0,0.11003455390382959,0.6351319161198816,1.1099315819938909,0.25981762285152155,False
1990-01,132,4018,4048,1990-01-01,1990-01-31 23:59:59.999999999,reference,0.0,0.11003455390382959,0.685360445813579,1.1099315819938909,0.25981762285152155,False
1990-02,133,4049,4076,1990-02-01,1990-02-28 23:59:59.999999999,reference,0.0,0.1157792996914601,0.9400683269365692,1.1099315819938909,0.25981762285152155,False
1990-03,134,4077,4107,1990-03-01,1990-03-31 23:59:59.999999999,reference,0.0,0.11003455390382959,0.8119589719724593,1.1099315819938909,0.25981762285152155,False
1990-04,135,4108,4137,1990-04-01,1990-04-30 23:59:59.999999999,reference,0.0,0.11185343008259488,0.6801795596748633,1.1099315819938909,0.25981762285152155,False
1990-05,136,4138,4168,1990-05-01,1990-05-31 23:59:59.999999999,reference,0.0,0.11003455390382959,0.6581104528144173,1.1099315819938909,0.25981762285152155,False
1990-06,137,4169,4198,1990-06-01,1990-06-30 23:59:59.999999999,reference,0.0,0.11185343008259488,0.7867855156051408,1.1099315819938909,0.25981762285152155,False
1990-07,138,4199,4229,1990-07-01,1990-07-31 23:59:59.999999999,reference,0.0,0.11003455390382959,0.7216521456345752,1.1099315819938909,0.25981762285152155,False
1990-08,139,4230,4260,1990-08-01,1990-08-31 23:59:59.999999999,reference,0.0,0.11003455390382959,0.8015133786367569,1.1099315819938909,0.25981762285152155,False
1990-09,140,4261,4290,1990-09-01,1990-09-30 23:59:59.999999999,reference,0.0,0.11185343008259488,0.9536365330990768,1.1099315819938909,0.25981762285152155,False
1990-10,141,4291,4321,1990-10-01,1990-10-31 23:59:59.999999999,reference,0.0,0.11003455390382959,0.7947298640417132,1.1099315819938909,0.25981762285152155,False
1990-11,142,4322,4351,1990-11-01,1990-11-30 23:59:59.999999999,reference,0.0,0.11185343008259488,0.6102316434625193,1.1099315819938909,0.25981762285152155,False
1990-12,143,4352,4382,1990-12-01,1990-12-31 23:59:59.999999999,reference,0.0,0.11003455390382959,0.9225779616728838,1.1099315819938909,0.25981762285152155,False
1991-01,144,4383,4413,1991-01-01,1991-01-31 23:59:59.999999999,reference,0.0,0.11003455390382959,0.5274388533574456,1.1099315819938909,0.25981762285152155,False
1991-02,145,4414,4441,1991-02-01,1991-02-28 23:59:59.999999999,reference,0.0,0.1157792996914601,0.6357983806003145,1.1099315819938909,0.25981762285152155,False
1991-03,146,4442,4472,1991-03-01,1991-03-31 23:59:59.999999999,reference,0.0,0.11003455390382959,0.8500709602387573,1.1099315819938909,0.25981762285152155,False
1991-04,147,4473,4502,1991-04-01,1991-04-30 23:59:59.999999999,reference,0.0,0.11185343008259488,0.6670366369591058,1.1099315819938909,0.25981762285152155,False
1991-05,148,4503,4533,1991-05-01,1991-05-31 23:59:59.999999999,reference,0.0,0.11003455390382959,0.5978898670385704,1.1099315819938909,0.25981762285152155,False
1991-06,149,4534,4563,1991-06-01,1991-06-30 23:59:59.999999999,reference,0.0,0.11185343008259488,0.5291519767200521,1.1099315819938909,0.25981762285152155,False
1991-07,150,4564,4594,1991-07-01,1991-07-31 23:59:59.999999999,reference,0.0,0.11003455390382959,0.6823054154039851,1.1099315819938909,0.25981762285152155,False
1991-08,151,4595,4625,1991-08-01,1991-08-31 23:59:59.999999999,reference,0.0,0.11003455390382959,0.5829202512953001,1.1099315819938909,0.25981762285152155,False
1991-09,152,4626,4655,1991-09-01,1991-09-30 23:59:59.999999999,reference,0.0,0.11185343008259488,0.845383369801818,1.1099315819938909,0.25981762285152155,False
1991-10,153,4656,4686,1991-10-01,1991-10-31 23:59:59.999999999,reference,0.0,0.11003455390382959,0.6801238513312294,1.1099315819938909,0.25981762285152155,False
1991-11,154,4687,4716,1991-11-01,1991-11-30 23:59:59.999999999,reference,0.0,0.11185343008259488,0.7222512495624002,1.1099315819938909,0.25981762285152155,False
1991-12,155,4717,4747,1991-12-01,1991-12-31 23:59:59.999999999,reference,0.0,0.11003455390382959,0.883070246163769,1.1099315819938909,0.25981762285152155,False
1992-01,156,4748,4778,1992-01-01,1992-01-31 23:59:59.999999999,reference,0.0,0.11003455390382959,0.5809338799889836,1.1099315819938909,0.25981762285152155,False
1992-02,157,4779,4807,1992-02-01,1992-02-29 23:59:59.999999999,reference,0.0,0.11376559304071444,0.8449428573795963,1.1099315819938909,0.25981762285152155,False
1992-03,158,4808,4838,1992-03-01,1992-03-31 23:59:59.999999999,reference,0.0,0.11003455390382959,0.6590282560493687,1.1099315819938909,0.25981762285152155,False
1992-04,159,4839,4868,1992-04-01,1992-04-30 23:59:59.999999999,reference,0.0,0.11185343008259488,0.6616249546989279,1.1099315819938909,0.25981762285152155,False
1992-05,160,4869,4899,1992-05-01,1992-05-31 23:59:59.999999999,reference,0.0,0.11003455390382959,0.7655021103723145,1.1099315819938909,0.25981762285152155,False
1992-06,161,4900,4929,1992-06-01,1992-06-30 23:59:59.999999999,reference,0.0,0.11185343008259488,0.7574064220439011,1.1099315819938909,0.25981762285152155,False
1992-07,162,4930,4960,1992-07-01,1992-07-31 23:59:59.999999999,reference,0.0,0.11003455390382959,0.59345122579722,1.1099315819938909,0.25981762285152155,False
1992-08,163,4961,4991,1992-08-01,1992-08-31 23:59:59.999999999,reference,0.0,0.11003455390382959,0.7304743992535405,1.1099315819938909,0.25981762285152155,False
1992-09,164,4992,5021,1992-09-01,1992-09-30 23:59:59.999999999,reference,0.0,0.11185343008259488,0.7758618204104315,1.1099315819938909,0.25981762285152155,False
1992-10,165,5022,5052,1992-10-01,1992-10-31 23:59:59.999999999,reference,0.0,0.11003455390382959,0.5445782547942144,1.1099315819938909,0.25981762285152155,False
1992-11,166,5053,5082,1992-11-01,1992-11-30 23:59:59.999999999,reference,0.0,0.11185343008259488,0.910018041924533,1.1099315819938909,0.25981762285152155,False
1992-12,167,5083,5113,1992-12-01,1992-12-31 23:59:59.999999999,reference,0.0,0.11003455390382959,0.7535222337133152,1.1099315819938909,0.25981762285152155,False
1993-01,168,5114,5144,1993-01-01,1993-01-31 23:59:59.999999999,reference,0.0,0.11003455390382959,0.809883634533134,1.1099315819938909,0.25981762285152155,False
1993-02,169,5145,5172,1993-02-01,1993-02-28 23:59:59.999999999,reference,0.0,0.1157792996914601,0.8392924806648255,1.1099315819938909,0.25981762285152155,False
1993-03,170,5173,5203,1993-03-01,1993-03-31 23:59:59.999999999,reference,0.0,0.11003455390382959,0.7589864598974779,1.1099315819938909,0.25981762285152155,False
1993-04,171,5204,5233,1993-04-01,1993-04-30 23:59:59.999999999,reference,0.0,0.11185343008259488,0.7671538013822571,1.1099315819938909,0.25981762285152155,False
1993-05,172,5234,5264,1993-05-01,1993-05-31 23:59:59.999999999,reference,0.0,0.11003455390382959,0.909627366168864,1.1099315819938909,0.25981762285152155,False
1993-06,173,5265,5294,1993-06-01,1993-06-30 23:59:59.999999999,reference,0.0,0.11185343008259488,0.6291066053536024,1.1099315819938909,0.25981762285152155,False
1993-07,174,5295,5325,1993-07-01,1993-07-31 23:59:59.999999999,reference,0.0,0.11003455390382959,0.6168870698228415,1.1099315819938909,0.25981762285152155,False
1993-08,175,5326,5356,1993-08-01,1993-08-31 23:59:59.999999999,reference,0.0,0.11003455390382959,0.8422234169139106,1.1099315819938909,0.25981762285152155,False
1993-09,176,5357,5386,1993-09-01,1993-09-30 23:59:59.999999999,reference,0.0,0.11185343008259488,0.8038315924253592,1.1099315819938909,0.25981762285152155,False
1993-10,177,5387,5417,1993-10-01,1993-10-31 23:59:59.999999999,reference,0.0,0.11003455390382959,0.5583993946031249,1.1099315819938909,0.25981762285152155,False
1993-11,178,5418,5447,1993-11-01,1993-11-30 23:59:59.999999999,reference,0.0,0.11185343008259488,0.9535666769306244,1.1099315819938909,0.25981762285152155,False
1993-12,179,5448,5478,1993-12-01,1993-12-31 23:59:59.999999999,reference,0.0,0.11003455390382959,0.8495850599641569,1.1099315819938909,0.25981762285152155,False
1994-01,180,5479,5509,1994-01-01,1994-01-31 23:59:59.999999999,reference,0.0,0.11003455390382959,0.645320469192863,1.1099315819938909,0.25981762285152155,False
1994-02,181,5510,5537,1994-02-01,1994-02-28 23:59:59.999999999,reference,0.0,0.1157792996914601,0.6850846896795508,1.1099315819938909,0.25981762285152155,False
1994-03,182,5538,5568,1994-03-01,1994-03-31 23:59:59.999999999,reference,0.0,0.11003455390382959,0.6665190667711306,1.1099315819938909,0.25981762285152155,False
1994-04,183,5569,5598,1994-04-01,1994-04-30 23:59:59.999999999,reference,0.0,0.11185343008259488,0.7178984003623496,1.1099315819938909,0.25981762285152155,False
1994-05,184,5599,5629,1994-05-01,1994-05-31 23:59:59.999999999,reference,0.0,0.11003455390382959,0.5115159349528822,1.1099315819938909,0.25981762285152155,False
1994-06,185,5630,5659,1994-06-01,1994-06-30 23:59:59.999999999,reference,0.0,0.11185343008259488,0.802691856578717,1.1099315819938909,0.25981762285152155,False
1994-07,186,5660,5690,1994-07-01,1994-07-31 23:59:59.999999999,reference,0.0,0.11003455390382959,0.646700612845116,1.1099315819938909,0.25981762285152155,False
1994-08,187,5691,5721,1994-08-01,1994-08-31 23:59:59.999999999,reference,0.0,0.11003455390382959,0.6868509199432212,1.1099315819938909,0.25981762285152155,False
1994-09,188,5722,5751,1994-09-01,1994-09-30 23:59:59.999999999,reference,0.0,0.11185343008259488,0.5606707699981655,1.1099315819938909,0.25981762285152155,False
1994-10,189,5752,5782,1994-10-01,1994-10-31 23:59:59.999999999,reference,0.0,0.11003455390382959,0.7550483458592546,1.1099315819938909,0.25981762285152155,False
1994-11,190,5783,5812,1994-11-01,1994-11-30 23:59:59.999999999,reference,0.0,0.11185343008259488,0.662521081389383,1.1099315819938909,0.25981762285152155,False
1994-12,191,5813,5843,1994-12-01,1994-12-31 23:59:59.999999999,reference,0.0,0.11003455390382959,0.7247699402417646,1.1099315819938909,0.25981762285152155,False
1995-01,192,5844,5874,1995-01-01,1995-01-31 23:59:59.999999999,reference,0.0,0.11003455390382959,0.925761447597146,1.1099315819938909,0.25981762285152155,False
1995-02,193,5875,5902,1995-02-01,1995-02-28 23:59:59.999999999,reference,0.0,0.1157792996914601,0.6499761277195898,1.1099315819938909,0.25981762285152155,False
1995-03,194,5903,5933,1995-03-01,1995-03-31 23:59:59.999999999,reference,0.0,0.11003455390382959,0.7904991750749835,1.1099315819938909,0.25981762285152155,False
1995-04,195,5934,5963,1995-04-01,1995-04-30 23:59:59.999999999,reference,0.0,0.11185343008259488,0.8768011261856428,1.1099315819938909,0.25981762285152155,False
1995-05,196,5964,5994,1995-05-01,1995-05-31 23:59:59.999999999,reference,0.0,0.11003455390382959,0.6887178635063071,1.1099315819938909,0.25981762285152155,False
1995-06,197,5995,6024,1995-06-01,1995-06-30 23:59:59.999999999,reference,0.0,0.11185343008259488,0.8145027121841616,1.1099315819938909,0.25981762285152155,False
1995-07,198,6025,6055,1995-07-01,1995-07-31 23:59:59.999999999,reference,0.0,0.11003455390382959,0.6597025700531285,1.1099315819938909,0.25981762285152155,False
1995-08,199,6056,6086,1995-08-01,1995-08-31 23:59:59.999999999,reference,0.0,0.11003455390382959,0.6935965398909137,1.1099315819938909,0.25981762285152155,False
1995-09,200,6087,6116,1995-09-01,1995-09-30 23:59:59.999999999,reference,0.0,0.11185343008259488,0.5650874572997784,1.1099315819938909,0.25981762285152155,False
1995-10,201,6117,6147,1995-10-01,1995-10-31 23:59:59.999999999,reference,0.0,0.11003455390382959,0.678088479185205,1.1099315819938909,0.25981762285152155,False
1995-11,202,6148,6177,1995-11-01,1995-11-30 23:59:59.999999999,reference,0.0,0.11185343008259488,0.6371467641388591,1.1099315819938909,0.25981762285152155,False
1995-12,203,6178,6208,1995-12-01,1995-12-31 23:59:59.999999999,reference,0.0,0.11003455390382959,0.7444662590661889,1.1099315819938909,0.25981762285152155,False
1996-01,204,6209,6239,1996-01-01,1996-01-31 23:59:59.999999999,reference,0.0,0.11003455390382959,0.7397786789974606,1.1099315819938909,0.25981762285152155,False
1996-02,205,6240,6268,1996-02-01,1996-02-29 23:59:59.999999999,reference,0.0,0.11376559304071444,0.6712641695144218,1.1099315819938909,0.25981762285152155,False
1996-03,206,6269,6299,1996-03-01,1996-03-31 23:59:59.999999999,reference,0.0,0.11003455390382959,1.0559236228504323,1.1099315819938909,0.25981762285152155,False
1996-04,207,6300,6329,1996-04-01,1996-04-30 23:59:59.999999999,reference,0.0,0.11185343008259488,0.8203875372888692,1.1099315819938909,0.25981762285152155,False
1996-05,208,6330,6360,1996-05-01,1996-05-31 23:59:59.999999999,reference,0.0,0.11003455390382959,0.5794396316327137,1.1099315819938909,0.25981762285152155,False
1996-06,209,6361,6390,1996-06-01,1996-06-30 23:59:59.999999999,reference,0.0,0.11185343008259488,0.8208100150810519,1.1099315819938909,0.25981762285152155,False
1996-07,210,6391,6421,1996-07-01,1996-07-31 23:59:59.999999999,reference,0.0,0.11003455390382959,0.694477401520462,1.1099315819938909,0.25981762285152155,False
1996-08,211,6422,6452,1996-08-01,1996-08-31 23:59:59.999999999,reference,0.0,0.11003455390382959,0.6875090223228933,1.1099315819938909,0.25981762285152155,False
1996-09,212,6453,6482,1996-09-01,1996-09-30 23:59:59.999999999,reference,0.0,0.11185343008259488,0.6163119292741862,1.1099315819938909,0.25981762285152155,False
1996-10,213,6483,6513,1996-10-01,1996-10-31 23:59:59.999999999,reference,0.0,0.11003455390382959,0.6350972681731811,1.1099315819938909,0.25981762285152155,False
1996-11,214,6514,6543,1996-11-01,1996-11-30 23:59:59.999999999,reference,0.0,0.11185343008259488,0.6165167946410854,1.1099315819938909,0.25981762285152155,False
1996-12,215,6544,6574,1996-12-01,1996-12-31 23:59:59.999999999,reference,0.0,0.11003455390382959,0.8036188056672303,1.1099315819938909,0.25981762285152155,False
1997-01,216,6575,6605,1997-01-01,1997-01-31 23:59:59.999999999,reference,0.0,0.11003455390382959,0.6633082910600164,1.1099315819938909,0.25981762285152155,False
1997-02,217,6606,6633,1997-02-01,1997-02-28 23:59:59.999999999,reference,0.0,0.1157792996914601,0.5652900182707561,1.1099315819938909,0.25981762285152155,False
1997-03,218,6634,6664,1997-03-01,1997-03-31 23:59:59.999999999,reference,0.0,0.11003455390382959,0.6966001911403927,1.1099315819938909,0.25981762285152155,False
1997-04,219,6665,6694,1997-04-01,1997-04-30 23:59:59.999999999,reference,0.0,0.11185343008259488,0.9319222708624778,1.1099315819938909,0.25981762285152155,False
1997-05,220,6695,6725,1997-05-01,1997-05-31 23:59:59.999999999,reference,0.0,0.11003455390382959,1.0354795636386256,1.1099315819938909,0.25981762285152155,False
1997-06,221,6726,6755,1997-06-01,1997-06-30 23:59:59.999999999,reference,0.0,0.11185343008259488,0.7060539174196847,1.1099315819938909,0.25981762285152155,False
1997-07,222,6756,6786,1997-07-01,1997-07-31 23:59:59.999999999,reference,0.0,0.11003455390382959,0.5007212629527215,1.1099315819938909,0.25981762285152155,False
1997-08,223,6787,6817,1997-08-01,1997-08-31 23:59:59.999999999,reference,0.0,0.11003455390382959,0.5677743882777864,1.1099315819938909,0.25981762285152155,False
1997-09,224,6818,6847,1997-09-01,1997-09-30 23:59:59.999999999,reference,0.0,0.11185343008259488,0.7684804826552188,1.1099315819938909,0.25981762285152155,False
1997-10,225,6848,6878,1997-10-01,1997-10-31 23:59:59.999999999,reference,0.0,0.11003455390382959,0.9726042756713658,1.1099315819938909,0.25981762285152155,False
1997-11,226,6879,6908,1997-11-01,1997-11-30 23:59:59.999999999,reference,0.0,0.11185343008259488,0.5960675283238112,1.1099315819938909,0.25981762285152155,False
1997-12,227,6909,6939,1997-12-01,1997-12-31 23:59:59.999999999,reference,0.0,0.11003455390382959,0.7599252774399766,1.1099315819938909,0.25981762285152155,False
1998-01,228,6940,6970,1998-01-01,1998-01-31 23:59:59.999999999,reference,0.0,0.11003455390382959,0.6541967259563913,1.1099315819938909,0.25981762285152155,False
1998-02,229,6971,6998,1998-02-01,1998-02-28 23:59:59.999999999,reference,0.0,0.1157792996914601,0.788365353307709,1.1099315819938909,0.25981762285152155,False
1998-03,230,6999,7029,1998-03-01,1998-03-31 23:59:59.999999999,reference,0.0,0.11003455390382959,0.6548402852049156,1.1099315819938909,0.25981762285152155,False
1998-04,231,7030,7059,1998-04-01,1998-04-30 23:59:59.999999999,reference,0.0,0.11185343008259488,0.8667328210244983,1.1099315819938909,0.25981762285152155,False
1998-05,232,7060,7090,1998-05-01,1998-05-31 23:59:59.999999999,reference,0.0,0.11003455390382959,0.7615893297422305,1.1099315819938909,0.25981762285152155,False
1998-06,233,7091,7120,1998-06-01,1998-06-30 23:59:59.999999999,reference,0.0,0.11185343008259488,0.6393236762502578,1.1099315819938909,0.25981762285152155,False
1998-07,234,7121,7151,1998-07-01,1998-07-31 23:59:59.999999999,reference,0.0,0.11003455390382959,0.4860573007475066,1.1099315819938909,0.25981762285152155,False
1998-08,235,7152,7182,1998-08-01,1998-08-31 23:59:59.999999999,reference,0.0,0.11003455390382959,0.8730576134199263,1.1099315819938909,0.25981762285152155,False
1998-09,236,7183,7212,1998-09-01,1998-09-30 23:59:59.999999999,reference,0.0,0.11185343008259488,0.5933416909248718,1.1099315819938909,0.25981762285152155,False
1998-10,237,7213,7243,1998-10-01,1998-10-31 23:59:59.999999999,reference,0.0,0.11003455390382959,0.6223480864309276,1.1099315819938909,0.25981762285152155,False
1998-11,238,7244,7273,1998-11-01,1998-11-30 23:59:59.999999999,reference,0.0,0.11185343008259488,0.5460568641587323,1.1099315819938909,0.25981762285152155,False
1998-12,239,7274,7304,1998-12-01,1998-12-31 23:59:59.999999999,reference,0.0,0.11003455390382959,0.7037735709921566,1.1099315819938909,0.25981762285152155,False
1999-01,240,7305,7335,1999-01-01,1999-01-31 23:59:59.999999999,reference,0.0,0.11003455390382959,0.8477742786776414,1.1099315819938909,0.25981762285152155,False
1999-02,241,7336,7363,1999-02-01,1999-02-28 23:59:59.999999999,reference,0.0,0.1157792996914601,0.615839635774893,1.1099315819938909,0.25981762285152155,False
1999-03,242,7364,7394,1999-03-01,1999-03-31 23:59:59.999999999,reference,0.0,0.11003455390382959,0.6736926661349525,1.1099315819938909,0.25981762285152155,False
1999-04,243,7395,7424,1999-04-01,1999-04-30 23:59:59.999999999,reference,0.0,0.11185343008259488,0.6087096003135289,1.1099315819938909,0.25981762285152155,False
1999-05,244,7425,7455,1999-05-01,1999-05-31 23:59:59.999999999,reference,0.0,0.11003455390382959,0.7893367990289115,1.1099315819938909,0.25981762285152155,False
1999-06,245,7456,7485,1999-06-01,1999-06-30 23:59:59.999999999,reference,0.0,0.11185343008259488,0.8130542072728619,1.1099315819938909,0.25981762285152155,False
1999-07,246,7486,7516,1999-07-01,1999-07-31 23:59:59.999999999,reference,0.0,0.11003455390382959,0.7437035075535308,1.1099315819938909,0.25981762285152155,False
1999-08,247,7517,7547,1999-08-01,1999-08-31 23:59:59.999999999,reference,0.0,0.11003455390382959,0.7572406396239543,1.1099315819938909,0.25981762285152155,False
1999-09,248,7548,7577,1999-09-01,1999-09-30 23:59:59.999999999,reference,0.0,0.11185343008259488,0.64122158002623,1.1099315819938909,0.25981762285152155,False
1999-10,249,7578,7608,1999-10-01,1999-10-31 23:59:59.999999999,reference,0.0,0.11003455390382959,0.5860682163343088,1.1099315819938909,0.25981762285152155,False
1999-11,250,7609,7638,1999-11-01,1999-11-30 23:59:59.999999999,reference,0.0,0.11185343008259488,0.6476674774524253,1.1099315819938909,0.25981762285152155,False
1999-12,251,7639,7669,1999-12-01,1999-12-31 23:59:59.999999999,reference,0.0,0.11003455390382959,1.0188670827113353,1.1099315819938909,0.25981762285152155,False
2000-01,252,7670,7700,2000-01-01,2000-01-31 23:59:59.999999999,reference,0.0,0.11003455390382959,0.6054684240205432,1.1099315819938909,0.25981762285152155,False
2000-02,253,7701,7729,2000-02-01,2000-02-29 23:59:59.999999999,reference,0.0,0.11376559304071444,0.5920166301231563,1.1099315819938909,0.25981762285152155,False
2000-03,254,7730,7760,2000-03-01,2000-03-31 23:59:59.999999999,reference,0.0,0.11003455390382959,0.633258581996369,1.1099315819938909,0.25981762285152155,False
2000-04,255,7761,7790,2000-04-01,2000-04-30 23:59:59.999999999,reference,0.0,0.11185343008259488,0.724572437224127,1.1099315819938909,0.25981762285152155,False
2000-05,256,7791,7821,2000-05-01,2000-05-31 23:59:59.999999999,reference,0.0,0.11003455390382959,0.6758255916518753,1.1099315819938909,0.25981762285152155,False
2000-06,257,7822,7851,2000-06-01,2000-06-30 23:59:59.999999999,reference,0.0,0.11185343008259488,0.6670214196886213,1.1099315819938909,0.25981762285152155,False
2000-07,258,7852,7882,2000-07-01,2000-07-31 23:59:59.999999999,reference,0.0,0.11003455390382959,0.6928110636431343,1.1099315819938909,0.25981762285152155,False
2000-08,259,7883,7913,2000-08-01,2000-08-31 23:59:59.999999999,reference,0.0,0.11003455390382959,0.6395643288032241,1.1099315819938909,0.25981762285152155,False
2000-09,260,7914,7943,2000-09-01,2000-09-30 23:59:59.999999999,reference,0.0,0.11185343008259488,0.7125132766331269,1.1099315819938909,0.25981762285152155,False
2000-10,261,7944,7974,2000-10-01,2000-10-31 23:59:59.999999999,reference,0.0,0.11003455390382959,0.6456000425519404,1.1099315819938909,0.25981762285152155,False
2000-11,262,7975,8004,2000-11-01,2000-11-30 23:59:59.999999999,reference,0.0,0.11185343008259488,0.642615968862754,1.1099315819938909,0.25981762285152155,False
2000-12,263,8005,8035,2000-12-01,2000-12-31 23:59:59.999999999,reference,0.0,0.11003455390382959,0.7532631509958686,1.1099315819938909,0.25981762285152155,False
2001-01,264,8036,8066,2001-01-01,2001-01-31 23:59:59.999999999,reference,0.0,0.11003455390382959,0.6278242255697442,1.1099315819938909,0.25981762285152155,False
2001-02,265,8067,8094,2001-02-01,2001-02-28 23:59:59.999999999,reference,0.0,0.1157792996914601,0.7208202507782393,1.1099315819938909,0.25981762285152155,False
2001-03,266,8095,8125,2001-03-01,2001-03-31 23:59:59.999999999,reference,0.0,0.11003455390382959,0.69879870679687,1.1099315819938909,0.25981762285152155,False
2001-04,267,8126,8155,2001-04-01,2001-04-30 23:59:59.999999999,reference,0.0,0.11185343008259488,0.7877424833618915,1.1099315819938909,0.25981762285152155,False
2001-05,268,8156,8186,2001-05-01,2001-05-31 23:59:59.999999999,reference,0.0,0.11003455390382959,0.6546157586767763,1.1099315819938909,0.25981762285152155,False
2001-06,269,8187,8216,2001-06-01,2001-06-30 23:59:59.999999999,reference,0.0,0.11185343008259488,0.9144547231434342,1.1099315819938909,0.25981762285152155,False
2001-07,270,8217,8247,2001-07-01,2001-07-31 23:59:59.999999999,reference,0.0,0.11003455390382959,0.591545467557476,1.1099315819938909,0.25981762285152155,False
2001-08,271,8248,8278,2001-08-01,2001-08-31 23:59:59.999999999,reference,0.0,0.11003455390382959,0.8009324237682786,1.1099315819938909,0.25981762285152155,False
2001-09,272,8279,8308,2001-09-01,2001-09-30 23:59:59.999999999,reference,0.0,0.11185343008259488,0.708536073064674,1.1099315819938909,0.25981762285152155,False
2001-10,273,8309,8339,2001-10-01,2001-10-31 23:59:59.999999999,reference,0.0,0.11003455390382959,0.5323082090583175,1.1099315819938909,0.25981762285152155,False
2001-11,274,8340,8369,2001-11-01,2001-11-30 23:59:59.999999999,reference,0.0,0.11185343008259488,0.7675027402881042,1.1099315819938909,0.25981762285152155,False
2001-12,275,8370,8400,2001-12-01,2001-12-31 23:59:59.999999999,reference,0.0,0.11003455390382959,1.0049740216895187,1.1099315819938909,0.25981762285152155,False
2002-01,276,8401,8431,2002-01-01,2002-01-31 23:59:59.999999999,reference,0.0,0.11003455390382959,0.6002355102803587,1.1099315819938909,0.25981762285152155,False
2002-02,277,8432,8459,2002-02-01,2002-02-28 23:59:59.999999999,reference,0.0,0.1157792996914601,0.7570807285239931,1.1099315819938909,0.25981762285152155,False
2002-03,278,8460,8490,2002-03-01,2002-03-31 23:59:59.999999999,reference,0.0,0.11003455390382959,0.9180941188916989,1.1099315819938909,0.25981762285152155,False
2002-04,279,8491,8520,2002-04-01,2002-04-30 23:59:59.999999999,reference,0.0,0.11185343008259488,0.6477378276341736,1.1099315819938909,0.25981762285152155,False
2002-05,280,8521,8551,2002-05-01,2002-05-31 23:59:59.999999999,reference,0.0,0.11003455390382959,0.8235427291966366,1.1099315819938909,0.25981762285152155,False
2002-06,281,8552,8581,2002-06-01,2002-06-30 23:59:59.999999999,reference,0.0,0.11185343008259488,0.7887821798705629,1.1099315819938909,0.25981762285152155,False
2002-07,282,8582,8612,2002-07-01,2002-07-31 23:59:59.999999999,reference,0.0,0.11003455390382959,0.5941619965248508,1.1099315819938909,0.25981762285152155,False
2002-08,283,8613,8643,2002-08-01,2002-08-31 23:59:59.999999999,reference,0.0,0.11003455390382959,0.6431854269108316,1.1099315819938909,0.25981762285152155,False
2002-09,284,8644,8673,2002-09-01,2002-09-30 23:59:59.999999999,reference,0.0,0.11185343008259488,0.5915606174027839,1.1099315819938909,0.25981762285152155,False
2002-10,285,8674,8704,2002-10-01,2002-10-31 23:59:59.999999999,reference,0.0,0.11003455390382959,0.6562438748605751,1.1099315819938909,0.25981762285152155,False
2002-11,286,8705,8734,2002-11-01,2002-11-30 23:59:59.999999999,reference,0.0,0.11185343008259488,0.6851932435716102,1.1099315819938909,0.25981762285152155,False
2002-12,287,8735,8765,2002-12-01,2002-12-31 23:59:59.999999999,reference,0.0,0.11003455390382959,0.5528873277076691,1.1099315819938909,0.25981762285152155,False
2003-01,288,8766,8796,2003-01-01,2003-01-31 23:59:59.999999999,reference,0.0,0.11003455390382959,0.7336839255960201,1.1099315819938909,0.25981762285152155,False
2003-02,289,8797,8824,2003-02-01,2003-02-28 23:59:59.999999999,reference,0.0,0.1157792996914601,0.8037053614094704,1.1099315819938909,0.25981762285152155,False
2003-03,290,8825,8855,2003-03-01,2003-03-31 23:59:59.999999999,reference,0.0,0.11003455390382959,0.8729982349558231,1.1099315819938909,0.25981762285152155,False
2003-04,291,8856,8885,2003-04-01,2003-04-30 23:59:59.999999999,reference,0.0,0.11185343008259488,0.7288271462940704,1.1099315819938909,0.25981762285152155,False
2003-05,292,8886,8916,2003-05-01,2003-05-31 23:59:59.999999999,reference,0.0,0.11003455390382959,0.6273192978050707,1.1099315819938909,0.25981762285152155,False
2003-06,293,8917,8946,2003-06-01,2003-06-30 23:59:59.999999999,reference,0.0,0.11185343008259488,0.659845532727641,1.1099315819938909,0.25981762285152155,False
2003-07,294,8947,8977,2003-07-01,2003-07-31 23:59:59.999999999,reference,0.0,0.11003455390382959,0.7237984195822545,1.1099315819938909,0.25981762285152155,False
2003-08,295,8978,9008,2003-08-01,2003-08-31 23:59:59.999999999,reference,0.0,0.11003455390382959,0.5111938027263188,1.1099315819938909,0.25981762285152155,False
2003-09,296,9009,9038,2003-09-01,2003-09-30 23:59:59.999999999,reference,0.0,0.11185343008259488,0.9320188118401808,1.1099315819938909,0.25981762285152155,False
2003-10,297,9039,9069,2003-10-01,2003-10-31 23:59:59.999999999,reference,0.0,0.11003455390382959,0.8194156896919014,1.1099315819938909,0.25981762285152155,False
2003-11,298,9070,9099,2003-11-01,2003-11-30 23:59:59.999999999,reference,0.0,0.11185343008259488,0.6868665698089296,1.1099315819938909,0.25981762285152155,False
2003-12,299,9100,9130,2003-12-01,2003-12-31 23:59:59.999999999,reference,0.0,0.11003455390382959,0.7189953061541156,1.1099315819938909,0.25981762285152155,False
2004-01,300,9131,9161,2004-01-01,2004-01-31 23:59:59.999999999,reference,0.0,0.11003455390382959,0.6534761551738679,1.1099315819938909,0.25981762285152155,False
2004-02,301,9162,9190,2004-02-01,2004-02-29 23:59:59.999999999,reference,0.0,0.11376559304071444,0.6892525408239373,1.1099315819938909,0.25981762285152155,False
2004-03,302,9191,9221,2004-03-01,2004-03-31 23:59:59.999999999,reference,0.0,0.11003455390382959,0.6558365548657504,1.1099315819938909,0.25981762285152155,False
2004-04,303,9222,9251,2004-04-01,2004-04-30 23:59:59.999999999,reference,0.0,0.11185343008259488,0.5159828274176508,1.1099315819938909,0.25981762285152155,False
2004-05,304,9252,9282,2004-05-01,2004-05-31 23:59:59.999999999,reference,0.0,0.11003455390382959,0.8081263467880443,1.1099315819938909,0.25981762285152155,False
2004-06,305,9283,9312,2004-06-01,2004-06-30 23:59:59.999999999,reference,0.0,0.11185343008259488,0.683201468744922,1.1099315819938909,0.25981762285152155,False
2004-07,306,9313,9343,2004-07-01,2004-07-31 23:59:59.999999999,reference,0.0,0.11003455390382959,0.7281470134888135,1.1099315819938909,0.25981762285152155,False
2004-08,307,9344,9374,2004-08-01,2004-08-31 23:59:59.999999999,reference,0.0,0.11003455390382959,0.4905526220715633,1.1099315819938909,0.25981762285152155,False
2004-09,308,9375,9404,2004-09-01,2004-09-30 23:59:59.999999999,reference,0.0,0.11185343008259488,0.5072205662746055,1.1099315819938909,0.25981762285152155,False
2004-10,309,9405,9435,2004-10-01,2004-10-31 23:59:59.999999999,reference,0.0,0.11003455390382959,0.5170954800708956,1.1099315819938909,0.25981762285152155,False
2004-11,310,9436,9465,2004-11-01,2004-11-30 23:59:59.999999999,reference,0.0,0.11185343008259488,0.7156816106885253,1.1099315819938909,0.25981762285152155,False
2004-12,311,9466,9496,2004-12-01,2004-12-31 23:59:59.999999999,reference,0.0,0.11003455390382959,0.6778037956283994,1.1099315819938909,0.25981762285152155,False
2005-01,312,9497,9527,2005-01-01,2005-01-31 23:59:59.999999999,reference,0.0,0.11003455390382959,0.35339067983369377,1.1099315819938909,0.25981762285152155,False
2005-02,313,9528,9555,2005-02-01,2005-02-28 23:59:59.999999999,reference,0.0,0.1157792996914601,0.37709365058739486,1.1099315819938909,0.25981762285152155,False
2005-03,314,9556,9586,2005-03-01,2005-03-31 23:59:59.999999999,reference,0.0,0.11003455390382959,0.5508421126848533,1.1099315819938909,0.25981762285152155,False
2005-04,315,9587,9616,2005-04-01,2005-04-30 23:59:59.999999999,reference,0.0,0.11185343008259488,0.3150596658031664,1.1099315819938909,0.25981762285152155,False
2005-05,316,9617,9647,2005-05-01,2005-05-31 23:59:59.999999999,reference,0.0,0.11003455390382959,0.9055390087457131,1.1099315819938909,0.25981762285152155,False
2005-06,317,9648,9677,2005-06-01,2005-06-30 23:59:59.999999999,reference,0.0,0.11185343008259488,0.4694135735793455,1.1099315819938909,0.25981762285152155,False
2005-07,318,9678,9708,2005-07-01,2005-07-31 23:59:59.999999999,reference,0.0,0.11003455390382959,0.4587022201214651,1.1099315819938909,0.25981762285152155,False
2005-08,319,9709,9739,2005-08-01,2005-08-31 23:59:59.999999999,reference,0.0,0.11003455390382959,0.34760081958098005,1.1099315819938909,0.25981762285152155,False
2005-09,320,9740,9769,2005-09-01,2005-09-30 23:59:59.999999999,reference,0.03333333333333333,0.11376559304071444,0.46406908683837594,1.1099315819938909,0.25981762285152155,False
2005-10,321,9770,9800,2005-10-01,2005-10-31 23:59:59.999999999,reference,0.03225806451612903,0.11185343008259488,0.43841219839167617,1.1099315819938909,0.25981762285152155,False
2005-11,322,9801,9830,2005-11-01,2005-11-30 23:59:59.999999999,reference,0.0,0.11185343008259488,0.4596601001687226,1.1099315819938909,0.25981762285152155,False
2005-12,323,9831,9861,2005-12-01,2005-12-31 23:59:59.999999999,reference,0.03225806451612903,0.11185343008259488,0.3428176173793106,1.1099315819938909,0.25981762285152155,False
2006-01,324,9862,9892,2006-01-01,2006-01-31 23:59:59.999999999,reference,0.03225806451612903,0.11185343008259488,0.3195107859436773,1.1099315819938909,0.25981762285152155,False
2006-02,325,9893,9920,2006-02-01,2006-02-28 23:59:59.999999999,reference,0.03571428571428571,0.11790386772113183,0.3615907501935102,1.1099315819938909,0.25981762285152155,False
2006-03,326,9921,9951,2006-03-01,2006-03-31 23:59:59.999999999,reference,0.03225806451612903,0.11185343008259488,0.4228930190478019,1.1099315819938909,0.25981762285152155,False
2006-04,327,9952,9981,2006-04-01,2006-04-30 23:59:59.999999999,reference,0.0,0.11185343008259488,0.38972169641416754,1.1099315819938909,0.25981762285152155,False
2006-05,328,9982,10012,2006-05-01,2006-05-31 23:59:59.999999999,reference,0.03225806451612903,0.11185343008259488,0.498165345425939,1.1099315819938909,0.25981762285152155,False
2006-06,329,10013,10042,2006-06-01,2006-06-30 23:59:59.999999999,reference,0.0,0.11185343008259488,0.560151400990974,1.1099315819938909,0.25981762285152155,False
2006-07,330,10043,10073,2006-07-01,2006-07-31 23:59:59.999999999,reference,0.0,0.11003455390382959,0.6357939168294205,1.1099315819938909,0.25981762285152155,False
2006-08,331,10074,10104,2006-08-01,2006-08-31 23:59:59.999999999,reference,0.0,0.11003455390382959,0.5082085829434725,1.1099315819938909,0.25981762285152155,False
2006-09,332,10105,10134,2006-09-01,2006-09-30 23:59:59.999999999,reference,0.03333333333333333,0.11376559304071444,0.5293932331988794,1.1099315819938909,0.25981762285152155,False
2006-10,333,10135,10165,2006-10-01,2006-10-31 23:59:59.999999999,reference,0.0,0.11003455390382959,0.45700028553868866,1.1099315819938909,0.25981762285152155,False
2006-11,334,10166,10195,2006-11-01,2006-11-30 23:59:59.999999999,reference,0.03333333333333333,0.11376559304071444,0.4701705567657488,1.1099315819938909,0.25981762285152155,False
2006-12,335,10196,10226,2006-12-01,2006-12-31 23:59:59.999999999,reference,0.06451612903225806,0.11376559304071444,0.4074145731926643,1.1099315819938909,0.25981762285152155,False
2007-01,336,10227,10257,2007-01-01,2007-01-31 23:59:59.999999999,reference,0.0,0.11003455390382959,0.39330773528505886,1.1099315819938909,0.25981762285152155,False
2007-02,337,10258,10285,2007-02-01,2007-02-28 23:59:59.999999999,reference,0.03571428571428571,0.11790386772113183,0.35660394863714906,1.1099315819938909,0.25981762285152155,False
2007-03,338,10286,10316,2007-03-01,2007-03-31 23:59:59.999999999,reference,0.06451612903225806,0.11376559304071444,0.48043014417886193,1.1099315819938909,0.25981762285152155,False
2007-04,339,10317,10346,2007-04-01,2007-04-30 23:59:59.999999999,reference,0.0,0.11185343008259488,0.5224598929437717,1.1099315819938909,0.25981762285152155,False
2007-05,340,10347,10377,2007-05-01,2007-05-31 23:59:59.999999999,reference,0.03225806451612903,0.11185343008259488,0.6248878988700513,1.1099315819938909,0.25981762285152155,False
2007-06,341,10378,10407,2007-06-01,2007-06-30 23:59:59.999999999,reference,0.0,0.11185343008259488,0.6283005774618862,1.1099315819938909,0.25981762285152155,False
2007-07,342,10408,10438,2007-07-01,2007-07-31 23:59:59.999999999,reference,0.0,0.11003455390382959,0.48803285720218365,1.1099315819938909,0.25981762285152155,False
2007-08,343,10439,10469,2007-08-01,2007-08-31 23:59:59.999999999,reference,0.0,0.11003455390382959,0.38650499584915504,1.1099315819938909,0.25981762285152155,False
2007-09,344,10470,10499,2007-09-01,2007-09-30 23:59:59.999999999,reference,0.03333333333333333,0.11376559304071444,0.4529952902044784,1.1099315819938909,0.25981762285152155,False
2007-10,345,10500,10530,2007-10-01,2007-10-31 23:59:59.999999999,reference,0.06451612903225806,0.11376559304071444,0.3769934871416957,1.1099315819938909,0.25981762285152155,False
2007-11,346,10531,10560,2007-11-01,2007-11-30 23:59:59.999999999,reference,0.0,0.11185343008259488,0.43774443832766147,1.1099315819938909,0.25981762285152155,False
2007-12,347,10561,10591,2007-12-01,2007-12-31 23:59:59.999999999,reference,0.0,0.11003455390382959,0.41162381265249354,1.1099315819938909,0.25981762285152155,False
2008-01,348,10592,10622,2008-01-01,2008-01-31 23:59:59.999999999,reference,0.03225806451612903,0.11185343008259488,0.4103133114718369,1.1099315819938909,0.25981762285152155,False
2008-02,349,10623,10651,2008-02-01,2008-02-29 23:59:59.999999999,reference,0.0,0.11376559304071444,0.4573917497914331,1.1099315819938909,0.25981762285152155,False
2008-03,350,10652,10682,2008-03-01,2008-03-31 23:59:59.999999999,reference,0.03225806451612903,0.11185343008259488,0.4365580986109531,1.1099315819938909,0.25981762285152155,False
2008-04,351,10683,10712,2008-04-01,2008-04-30 23:59:59.999999999,reference,0.03333333333333333,0.11376559304071444,0.46849543766047885,1.1099315819938909,0.25981762285152155,False
2008-05,352,10713,10743,2008-05-01,2008-05-31 23:59:59.999999999,reference,0.03225806451612903,0.11185343008259488,0.4890887536421007,1.1099315819938909,0.25981762285152155,False
2008-06,353,10744,10773,2008-06-01,2008-06-30 23:59:59.999999999,reference,0.03333333333333333,0.11376559304071444,0.5358529189676938,1.1099315819938909,0.25981762285152155,False
2008-07,354,10774,10804,2008-07-01,2008-07-31 23:59:59.999999999,reference,0.0,0.11003455390382959,0.5622951055393263,1.1099315819938909,0.25981762285152155,False
2008-08,355,10805,10835,2008-08-01,2008-08-31 23:59:59.999999999,reference,0.06451612903225806,0.11376559304071444,0.4431250848046198,1.1099315819938909,0.25981762285152155,False
2008-09,356,10836,10865,2008-09-01,2008-09-30 23:59:59.999999999,reference,0.0,0.11185343008259488,0.3360738840377359,1.1099315819938909,0.25981762285152155,False
2008-10,357,10866,10896,2008-10-01,2008-10-31 23:59:59.999999999,reference,0.0,0.11003455390382959,0.5078558552735538,1.1099315819938909,0.25981762285152155,False
2008-11,358,10897,10926,2008-11-01,2008-11-30 23:59:59.999999999,reference,0.03333333333333333,0.11376559304071444,0.3086666331925552,1.1099315819938909,0.25981762285152155,False
2008-12,359,10927,10957,2008-12-01,2008-12-31 23:59:59.999999999,reference,0.0,0.11003455390382959,0.3429912268345188,1.1099315819938909,0.25981762285152155,False
2009-01,360,10958,10988,2009-01-01,2009-01-31 23:59:59.999999999,reference,0.0,0.11003455390382959,0.44050232414461554,1.1099315819938909,0.25981762285152155,False
2009-02,361,10989,11016,2009-02-01,2009-02-28 23:59:59.999999999,reference,0.03571428571428571,0.11790386772113183,0.32586443477553767,1.1099315819938909,0.25981762285152155,False
2009-03,362,11017,11047,2009-03-01,2009-03-31 23:59:59.999999999,reference,0.0,0.11003455390382959,0.4113381244268752,1.1099315819938909,0.25981762285152155,False
2009-04,363,11048,11077,2009-04-01,2009-04-30 23:59:59.999999999,reference,0.03333333333333333,0.11376559304071444,0.47001163705993176,1.1099315819938909,0.25981762285152155,False
2009-05,364,11078,11108,2009-05-01,2009-05-31 23:59:59.999999999,reference,0.03225806451612903,0.11185343008259488,0.551418547302533,1.1099315819938909,0.25981762285152155,False
2009-06,365,11109,11138,2009-06-01,2009-06-30 23:59:59.999999999,reference,0.0,0.11185343008259488,0.4995833581143798,1.1099315819938909,0.25981762285152155,False
2009-07,366,11139,11169,2009-07-01,2009-07-31 23:59:59.999999999,reference,0.0,0.11003455390382959,0.6202852933469665,1.1099315819938909,0.25981762285152155,False
2009-08,367,11170,11200,2009-08-01,2009-08-31 23:59:59.999999999,reference,0.0,0.11003455390382959,0.5744628467791355,1.1099315819938909,0.25981762285152155,False
2009-09,368,11201,11230,2009-09-01,2009-09-30 23:59:59.999999999,reference,0.0,0.11185343008259488,0.5625984705528277,1.1099315819938909,0.25981762285152155,False
2009-10,369,11231,11261,2009-10-01,2009-10-31 23:59:59.999999999,reference,0.0,0.11003455390382959,0.5609573796543168,1.1099315819938909,0.25981762285152155,False
2009-11,370,11262,11291,2009-11-01,2009-11-30 23:59:59.999999999,reference,0.0,0.11185343008259488,0.8149181761388335,1.1099315819938909,0.25981762285152155,False
2009-12,371,11292,11322,2009-12-01,2009-12-31 23:59:59.999999999,reference,0.0,0.11003455390382959,0.5730354037422367,1.1099315819938909,0.25981762285152155,False
2010-01,372,11323,11353,2010-01-01,2010-01-31 23:59:59.999999999,reference,0.0,0.11003455390382959,0.64626904677275,1.1099315819938909,0.25981762285152155,False
2010-02,373,11354,11381,2010-02-01,2010-02-28 23:59:59.999999999,reference,0.0,0.1157792996914601,0.9185398126597213,1.1099315819938909,0.25981762285152155,False
2010-03,374,11382,11412,2010-03-01,2010-03-31 23:59:59.999999999,reference,0.0,0.11003455390382959,0.7472106930405393,1.1099315819938909,0.25981762285152155,False
2010-04,375,11413,11442,2010-04-01,2010-04-30 23:59:59.999999999,reference,0.0,0.11185343008259488,0.7912354349776537,1.1099315819938909,0.25981762285152155,False
2010-05,376,11443,11473,2010-05-01,2010-05-31 23:59:59.999999999,reference,0.0,0.11003455390382959,0.5997003509142226,1.1099315819938909,0.25981762285152155,False
2010-06,377,11474,11503,2010-06-01,2010-06-30 23:59:59.999999999,reference,0.0,0.11185343008259488,0.6601870277646456,1.1099315819938909,0.25981762285152155,False
2010-07,378,11504,11534,2010-07-01,2010-07-31 23:59:59.999999999,reference,0.0,0.11003455390382959,0.662104318277356,1.1099315819938909,0.25981762285152155,False
2010-08,379,11535,11565,2010-08-01,2010-08-31 23:59:59.999999999,reference,0.0,0.11003455390382959,0.7030581739392928,1.1099315819938909,0.25981762285152155,False
2010-09,380,11566,11595,2010-09-01,2010-09-30 23:59:59.999999999,reference,0.0,0.11185343008259488,0.5607152536756493,1.1099315819938909,0.25981762285152155,False
2010-10,381,11596,11626,2010-10-01,2010-10-31 23:59:59.999999999,reference,0.0,0.11003455390382959,0.5323606053581872,1.1099315819938909,0.25981762285152155,False
2010-11,382,11627,11656,2010-11-01,2010-11-30 23:59:59.999999999,reference,0.0,0.11185343008259488,0.6265628385865216,1.1099315819938909,0.25981762285152155,False
2010-12,383,11657,11687,2010-12-01,2010-12-31 23:59:59.999999999,reference,0.0,0.11003455390382959,0.5799741733417006,1.1099315819938909,0.25981762285152155,False
2011-01,384,11688,11718,2011-01-01,2011-01-31 23:59:59.999999999,reference,0.0,0.11003455390382959,0.7228149744760001,1.1099315819938909,0.25981762285152155,False
2011-02,385,11719,11746,2011-02-01,2011-02-28 23:59:59.999999999,reference,0.0,0.1157792996914601,0.6071957348360616,1.1099315819938909,0.25981762285152155,False
2011-03,386,11747,11777,2011-03-01,2011-03-31 23:59:59.999999999,reference,0.0,0.11003455390382959,0.7814127935319903,1.1099315819938909,0.25981762285152155,False
2011-04,387,11778,11807,2011-04-01,2011-04-30 23:59:59.999999999,reference,0.0,0.11185343008259488,0.7754208373498145,1.1099315819938909,0.25981762285152155,False
2011-05,388,11808,11838,2011-05-01,2011-05-31 23:59:59.999999999,reference,0.0,0.11003455390382959,0.6944763074088333,1.1099315819938909,0.25981762285152155,False
2011-06,389,11839,11868,2011-06-01,2011-06-30 23:59:59.999999999,reference,0.0,0.11185343008259488,0.5543333731161485,1.1099315819938909,0.25981762285152155,False
2011-07,390,11869,11899,2011-07-01,2011-07-31 23:59:59.999999999,reference,0.0,0.11003455390382959,0.673588952279247,1.1099315819938909,0.25981762285152155,False
2011-08,391,11900,11930,2011-08-01,2011-08-31 23:59:59.999999999,reference,0.0,0.11003455390382959,0.6942796253740754,1.1099315819938909,0.25981762285152155,False
2011-09,392,11931,11960,2011-09-01,2011-09-30 23:59:59.999999999,reference,0.0,0.11185343008259488,0.6497077565706262,1.1099315819938909,0.25981762285152155,False
2011-10,393,11961,11991,2011-10-01,2011-10-31 23:59:59.999999999,reference,0.0,0.11003455390382959,0.6968341741670191,1.1099315819938909,0.25981762285152155,False
2011-11,394,11992,12021,2011-11-01,2011-11-30 23:59:59.999999999,reference,0.0,0.11185343008259488,0.7716165972897441,1.1099315819938909,0.25981762285152155,False
2011-12,395,12022,12052,2011-12-01,2011-12-31 23:59:59.999999999,reference,0.0,0.11003455390382959,0.6388346012075728,1.1099315819938909,0.25981762285152155,False
2012-01,396,12053,12083,2012-01-01,2012-01-31 23:59:59.999999999,reference,0.0,0.11003455390382959,0.6626099973061905,1.1099315819938909,0.25981762285152155,False
2012-02,397,12084,12112,2012-02-01,2012-02-29 23:59:59.999999999,reference,0.0,0.11376559304071444,0.5712766135713597,1.1099315819938909,0.25981762285152155,False
2012-03,398,12113,12143,2012-03-01,2012-03-31 23:59:59.999999999,reference,0.0,0.11003455390382959,0.9608542162228612,1.1099315819938909,0.25981762285152155,False
2012-04,399,12144,12173,2012-04-01,2012-04-30 23:59:59.999999999,reference,0.0,0.11185343008259488,0.746009714157023,1.1099315819938909,0.25981762285152155,False
2012-05,400,12174,12204,2012-05-01,2012-05-31 23:59:59.999999999,reference,0.0,0.11003455390382959,0.5859414931079483,1.1099315819938909,0.25981762285152155,False
2012-06,401,12205,12234,2012-06-01,2012-06-30 23:59:59.999999999,reference,0.0,0.11185343008259488,0.48155561478012077,1.1099315819938909,0.25981762285152155,False
2012-07,402,12235,12265,2012-07-01,2012-07-31 23:59:59.999999999,reference,0.0,0.11003455390382959,0.6748037186941593,1.1099315819938909,0.25981762285152155,False
2012-08,403,12266,12296,2012-08-01,2012-08-31 23:59:59.999999999,reference,0.0,0.11003455390382959,0.6294724449508466,1.1099315819938909,0.25981762285152155,False
2012-09,404,12297,12326,2012-09-01,2012-09-30 23:59:59.999999999,reference,0.0,0.11185343008259488,0.7831195679480191,1.1099315819938909,0.25981762285152155,False
2012-10,405,12327,12357,2012-10-01,2012-10-31 23:59:59.999999999,reference,0.0,0.11003455390382959,0.5365305779770031,1.1099315819938909,0.25981762285152155,False
2012-11,406,12358,12387,2012-11-01,2012-11-30 23:59:59.999999999,reference,0.0,0.11185343008259488,0.5556014770846295,1.1099315819938909,0.25981762285152155,False
2012-12,407,12388,12418,2012-12-01,2012-12-31 23:59:59.999999999,reference,0.0,0.11003455390382959,0.7174541589191253,1.1099315819938909,0.25981762285152155,False
2013-01,408,12419,12449,2013-01-01,2013-01-31 23:59:59.999999999,reference,0.0,0.11003455390382959,0.7286469649359778,1.1099315819938909,0.25981762285152155,False
2013-02,409,12450,12477,2013-02-01,2013-02-28 23:59:59.999999999,reference,0.0,0.1157792996914601,0.8067656848511985,1.1099315819938909,0.25981762285152155,False
2013-03,410,12478,12508,2013-03-01,2013-03-31 23:59:59.999999999,reference,0.0,0.11003455390382959,0.7050237148076399,1.1099315819938909,0.25981762285152155,False
2013-04,411,12509,12538,2013-04-01,2013-04-30 23:59:59.999999999,reference,0.0,0.11185343008259488,0.7021379373124826,1.1099315819938909,0.25981762285152155,False
2013-05,412,12539,12569,2013-05-01,2013-05-31 23:59:59.999999999,reference,0.0,0.11003455390382959,0.944432051803787,1.1099315819938909,0.25981762285152155,False
2013-06,413,12570,12599,2013-06-01,2013-06-30 23:59:59.999999999,reference,0.0,0.11185343008259488,0.822265482646622,1.1099315819938909,0.25981762285152155,False
2013-07,414,12600,12630,2013-07-01,2013-07-31 23:59:59.999999999,reference,0.0,0.11003455390382959,0.6298756951222829,1.1099315819938909,0.25981762285152155,False
2013-08,415,12631,12661,2013-08-01,2013-08-31 23:59:59.999999999,reference,0.0,0.11003455390382959,0.6585252135517171,1.1099315819938909,0.25981762285152155,False
2013-09,416,12662,12691,2013-09-01,2013-09-30 23:59:59.999999999,reference,0.0,0.11185343008259488,0.6272277916104854,1.1099315819938909,0.25981762285152155,False
2013-10,417,12692,12722,2013-10-01,2013-10-31 23:59:59.999999999,reference,0.0,0.11003455390382959,0.44924754048109183,1.1099315819938909,0.25981762285152155,False
2013-11,418,12723,12752,2013-11-01,2013-11-30 23:59:59.999999999,reference,0.0,0.11185343008259488,0.5898473926700374,1.1099315819938909,0.25981762285152155,False
2013-12,419,12753,12783,2013-12-01,2013-12-31 23:59:59.999999999,reference,0.0,0.11003455390382959,0.838945759069244,1.1099315819938909,0.25981762285152155,False
2014-01,420,12784,12814,2014-01-01,2014-01-31 23:59:59.999999999,reference,0.0,0.11003455390382959,0.6676486355966141,1.1099315819938909,0.25981762285152155,False
2014-02,421,12815,12842,2014-02-01,2014-02-28 23:59:59.999999999,reference,0.0,0.1157792996914601,0.4971601888437341,1.1099315819938909,0.25981762285152155,False
2014-03,422,12843,12873,2014-03-01,2014-03-31 23:59:59.999999999,reference,0.0,0.11003455390382959,0.7865613936825985,1.1099315819938909,0.25981762285152155,False
2014-04,423,12874,12903,2014-04-01,2014-04-30 23:59:59.999999999,reference,0.0,0.11185343008259488,0.6380389008045716,1.1099315819938909,0.25981762285152155,False
2014-05,424,12904,12934,2014-05-01,2014-05-31 23:59:59.999999999,reference,0.0,0.11003455390382959,0.5281023504543533,1.1099315819938909,0.25981762285152155,False
2014-06,425,12935,12964,2014-06-01,2014-06-30 23:59:59.999999999,reference,0.0,0.11185343008259488,0.7070599315306569,1.1099315819938909,0.25981762285152155,False
2014-07,426,12965,12995,2014-07-01,2014-07-31 23:59:59.999999999,reference,0.0,0.11003455390382959,0.5093101125114281,1.1099315819938909,0.25981762285152155,False
2014-08,427,12996,13026,2014-08-01,2014-08-31 23:59:59.999999999,reference,0.0,0.11003455390382959,0.4110270564683903,1.1099315819938909,0.25981762285152155,False
2014-09,428,13027,13056,2014-09-01,2014-09-30 23:59:59.999999999,reference,0.0,0.11185343008259488,0.5268762296976578,1.1099315819938909,0.25981762285152155,False
2014-10,429,13057,13087,2014-10-01,2014-10-31 23:59:59.999999999,reference,0.0,0.11003455390382959,0.5583880979620929,1.1099315819938909,0.25981762285152155,False
2014-11,430,13088,13117,2014-11-01,2014-11-30 23:59:59.999999999,reference,0.0,0.11185343008259488,0.7778817474399536,1.1099315819938909,0.25981762285152155,False
2014-12,431,13118,13148,2014-12-01,2014-12-31 23:59:59.999999999,reference,0.0,0.11003455390382959,0.8711806689445653,1.1099315819938909,0.25981762285152155,False
2015-01,432,13149,13179,2015-01-01,2015-01-31 23:59:59.999999999,reference,0.0,0.11003455390382959,0.8264470591192308,1.1099315819938909,0.25981762285152155,False
2015-02,433,13180,13207,2015-02-01,2015-02-28 23:59:59.999999999,reference,0.0,0.1157792996914601,0.5829558958569537,1.1099315819938909,0.25981762285152155,False
2015-03,434,13208,13238,2015-03-01,2015-03-31 23:59:59.999999999,reference,0.0,0.11003455390382959,0.7271536942782201,1.1099315819938909,0.25981762285152155,False
2015-04,435,13239,13268,2015-04-01,2015-04-30 23:59:59.999999999,reference,0.0,0.11185343008259488,0.9100736002584842,1.1099315819938909,0.25981762285152155,False
2015-05,436,13269,13299,2015-05-01,2015-05-31 23:59:59.999999999,reference,0.0,0.11003455390382959,0.8314851923131552,1.1099315819938909,0.25981762285152155,False
2015-06,437,13300,13329,2015-06-01,2015-06-30 23:59:59.999999999,reference,0.0,0.11185343008259488,0.8474842809962748,1.1099315819938909,0.25981762285152155,False
2015-07,438,13330,13360,2015-07-01,2015-07-31 23:59:59.999999999,reference,0.0,0.11003455390382959,0.648386311374687,1.1099315819938909,0.25981762285152155,False
2015-08,439,13361,13391,2015-08-01,2015-08-31 23:59:59.999999999,reference,0.0,0.11003455390382959,0.6478070965040338,1.1099315819938909,0.25981762285152155,False
2015-09,440,13392,13421,2015-09-01,2015-09-30 23:59:59.999999999,reference,0.0,0.11185343008259488,0.6600840455452185,1.1099315819938909,0.25981762285152155,False
2015-10,441,13422,13452,2015-10-01,2015-10-31 23:59:59.999999999,reference,0.0,0.11003455390382959,0.5417879188143587,1.1099315819938909,0.25981762285152155,False
2015-11,442,13453,13482,2015-11-01,2015-11-30 23:59:59.999999999,reference,0.0,0.11185343008259488,0.7043713707355423,1.1099315819938909,0.25981762285152155,False
2015-12,443,13483,13513,2015-12-01,2015-12-31 23:59:59.999999999,reference,0.0,0.11003455390382959,0.5712854235752282,1.1099315819938909,0.25981762285152155,False
2016-01,444,13514,13544,2016-01-01,2016-01-31 23:59:59.999999999,reference,0.0,0.11003455390382959,0.7690148996445065,1.1099315819938909,0.25981762285152155,False
2016-02,445,13545,13573,2016-02-01,2016-02-29 23:59:59.999999999,reference,0.0,0.11376559304071444,0.7982310505152403,1.1099315819938909,0.25981762285152155,False
2016-03,446,13574,13604,2016-03-01,2016-03-31 23:59:59.999999999,reference,0.0,0.11003455390382959,0.6924227377105366,1.1099315819938909,0.25981762285152155,False
2016-04,447,13605,13634,2016-04-01,2016-04-30 23:59:59.999999999,reference,0.0,0.11185343008259488,0.6452388735225613,1.1099315819938909,0.25981762285152155,False
2016-05,448,13635,13665,2016-05-01,2016-05-31 23:59:59.999999999,reference,0.0,0.11003455390382959,0.6909126705800672,1.1099315819938909,0.25981762285152155,False
2016-06,449,13666,13695,2016-06-01,2016-06-30 23:59:59.999999999,reference,0.0,0.11185343008259488,0.5282378881527778,1.1099315819938909,0.25981762285152155,False
2016-07,450,13696,13726,2016-07-01,2016-07-31 23:59:59.999999999,reference,0.0,0.11003455390382959,0.5105104679314406,1.1099315819938909,0.25981762285152155,False
2016-08,451,13727,13757,2016-08-01,2016-08-31 23:59:59.999999999,reference,0.0,0.11003455390382959,0.8047084552728013,1.1099315819938909,0.25981762285152155,False
2016-09,452,13758,13787,2016-09-01,2016-09-30 23:59:59.999999999,reference,0.0,0.11185343008259488,0.7389935426097782,1.1099315819938909,0.25981762285152155,False
2016-10,453,13788,13818,2016-10-01,2016-10-31 23:59:59.999999999,reference,0.0,0.11003455390382959,0.680884144447782,1.1099315819938909,0.25981762285152155,False
2016-11,454,13819,13848,2016-11-01,2016-11-30 23:59:59.999999999,reference,0.0,0.11185343008259488,0.5764938388521262,1.1099315819938909,0.25981762285152155,False
2016-12,455,13849,13879,2016-12-01,2016-12-31 23:59:59.999999999,reference,0.0,0.11003455390382959,0.5946904785911542,1.1099315819938909,0.25981762285152155,False
2017-01,456,13880,13910,2017-01-01,2017-01-31 23:59:59.999999999,reference,0.0,0.11003455390382959,0.9534365980508837,1.1099315819938909,0.25981762285152155,False
2017-02,457,13911,13938,2017-02-01,2017-02-28 23:59:59.999999999,reference,0.0,0.1157792996914601,0.8329018769602605,1.1099315819938909,0.25981762285152155,False
2017-03,458,13939,13969,2017-03-01,2017-03-31 23:59:59.999999999,reference,0.0,0.11003455390382959,0.7656549453830815,1.1099315819938909,0.25981762285152155,False
2017-04,459,13970,13999,2017-04-01,2017-04-30 23:59:59.999999999,reference,0.0,0.11185343008259488,0.7535910605601501,1.1099315819938909,0.25981762285152155,False
2017-05,460,14000,14030,2017-05-01,2017-05-31 23:59:59.999999999,reference,0.0,0.11003455390382959,0.8199859843248231,1.1099315819938909,0.25981762285152155,False
2017-06,461,14031,14060,2017-06-01,2017-06-30 23:59:59.999999999,reference,0.0,0.11185343008259488,1.0173486901173039,1.1099315819938909,0.25981762285152155,False
2017-07,462,14061,14091,2017-07-01,2017-07-31 23:59:59.999999999,reference,0.0,0.11003455390382959,0.5406154844945571,1.1099315819938909,0.25981762285152155,False
2017-08,463,14092,14122,2017-08-01,2017-08-31 23:59:59.999999999,reference,0.0,0.11003455390382959,0.8229624598350308,1.1099315819938909,0.25981762285152155,False
2017-09,464,14123,14152,2017-09-01,2017-09-30 23:59:59.999999999,reference,0.0,0.11185343008259488,0.5665414892987746,1.1099315819938909,0.25981762285152155,False
2017-10,465,14153,14183,2017-10-01,2017-10-31 23:59:59.999999999,reference,0.0,0.11003455390382959,0.7512794842579246,1.1099315819938909,0.25981762285152155,False
2017-11,466,14184,14213,2017-11-01,2017-11-30 23:59:59.999999999,reference,0.0,0.11185343008259488,0.7906879450022967,1.1099315819938909,0.25981762285152155,False
2017-12,467,14214,14244,2017-12-01,2017-12-31 23:59:59.999999999,reference,0.0,0.11003455390382959,0.8188076358249293,1.1099315819938909,0.25981762285152155,False
2018-01,468,14245,14275,2018-01-01,2018-01-31 23:59:59.999999999,reference,0.0,0.11003455390382959,0.9031236848734101,1.1099315819938909,0.25981762285152155,False
2018-02,469,14276,14303,2018-02-01,2018-02-28 23:59:59.999999999,reference,0.0,0.1157792996914601,0.5536351377336253,1.1099315819938909,0.25981762285152155,False
2018-03,470,14304,14334,2018-03-01,2018-03-31 23:59:59.999999999,reference,0.0,0.11003455390382959,0.7359638914722547,1.1099315819938909,0.25981762285152155,False
2018-04,471,14335,14364,2018-04-01,2018-04-30 23:59:59.999999999,reference,0.0,0.11185343008259488,0.9443403193417901,1.1099315819938909,0.25981762285152155,False
2018-05,472,14365,14395,2018-05-01,2018-05-31 23:59:59.999999999,reference,0.0,0.11003455390382959,0.5908039026218348,1.1099315819938909,0.25981762285152155,False
2018-06,473,14396,14425,2018-06-01,2018-06-30 23:59:59.999999999,reference,0.0,0.11185343008259488,0.8031636717872799,1.1099315819938909,0.25981762285152155,False
2018-07,474,14426,14456,2018-07-01,2018-07-31 23:59:59.999999999,reference,0.0,0.11003455390382959,0.8267011497268134,1.1099315819938909,0.25981762285152155,False
2018-08,475,14457,14487,2018-08-01,2018-08-31 23:59:59.999999999,reference,0.0,0.11003455390382959,0.6913760675244845,1.1099315819938909,0.25981762285152155,False
2018-09,476,14488,14517,2018-09-01,2018-09-30 23:59:59.999999999,reference,0.0,0.11185343008259488,0.714876606511484,1.1099315819938909,0.25981762285152155,False
2018-10,477,14518,14548,2018-10-01,2018-10-31 23:59:59.999999999,reference,0.0,0.11003455390382959,0.7825455163790523,1.1099315819938909,0.25981762285152155,False
2018-11,478,14549,14578,2018-11-01,2018-11-30 23:59:59.999999999,reference,0.0,0.11185343008259488,0.6465467662753728,1.1099315819938909,0.25981762285152155,False
2018-12,479,14579,14609,2018-12-01,2018-12-31 23:59:59.999999999,reference,0.0,0.11003455390382959,0.5832139120547561,1.1099315819938909,0.25981762285152155,False
2019-01,0,0,30,2019-01-01,2019-01-31 23:59:59.999999999,analysis,0.0,0.11003455390382959,0.8326940723408047,1.1099315819938909,0.25981762285152155,False
2019-02,1,31,58,2019-02-01,2019-02-28 23:59:59.999999999,analysis,0.0,0.1157792996914601,1.25501047242245,1.1099315819938909,0.25981762285152155,True
2019-03,2,59,89,2019-03-01,2019-03-31 23:59:59.999999999,analysis,0.0,0.11003455390382959,0.9760301907633172,1.1099315819938909,0.25981762285152155,False
2019-04,3,90,119,2019-04-01,2019-04-30 23:59:59.999999999,analysis,0.0,0.11185343008259488,0.8516894153009494,1.1099315819938909,0.25981762285152155,False
2019-05,4,120,150,2019-05-01,2019-05-31 23:59:59.999999999,analysis,0.0,0.11003455390382959,0.8994099293957203,1.1099315819938909,0.25981762285152155,False
2019-06,5,151,180,2019-06-01,2019-06-30 23:59:59.999999999,analysis,0.0,0.11185343008259488,1.2225564494688994,1.1099315819938909,0.25981762285152155,True
2019-07,6,181,211,2019-07-01,2019-07-31 23:59:59.999999999,analysis,0.0,0.11003455390382959,1.14745406876015,1.1099315819938909,0.25981762285152155,True
2019-08,7,212,242,2019-08-01,2019-08-31 23:59:59.999999999,analysis,0.0,0.11003455390382959,1.0069528931347562,1.1099315819938909,0.25981762285152155,False
2019-09,8,243,272,2019-09-01,2019-09-30 23:59:59.999999999,analysis,0.0,0.11185343008259488,0.9565832375834721,1.1099315819938909,0.25981762285152155,False
2019-10,9,273,303,2019-10-01,2019-10-31 23:59:59.999999999,analysis,0.0,0.11003455390382959,0.7219194520284984,1.1099315819938909,0.25981762285152155,False
2019-11,10,304,333,2019-11-01,2019-11-30 23:59:59.999999999,analysis,0.0,0.11185343008259488,0.5750434283047207,1.1099315819938909,0.25981762285152155,False
2019-12,11,334,364,2019-12-01,2019-12-31 23:59:59.999999999,analysis,0.0,0.11003455390382959,0.8139041337919596,1.1099315819938909,0.25981762285152155,False
2020-01,12,365,395,2020-01-01,2020-01-31 23:59:59.999999999,analysis,0.0,0.11003455390382959,0.4841013900848544,1.1099315819938909,0.25981762285152155,False
2020-02,13,396,424,2020-02-01,2020-02-29 23:59:59.999999999,analysis,0.034482758620689655,0.1157792996914601,0.5192958494957834,1.1099315819938909,0.25981762285152155,False
2020-03,14,425,455,2020-03-01,2020-03-31 23:59:59.999999999,analysis,0.03225806451612903,0.11185343008259488,0.5814000278030734,1.1099315819938909,0.25981762285152155,False
2020-04,15,456,485,2020-04-01,2020-04-30 23:59:59.999999999,analysis,0.0,0.11185343008259488,1.2174450893811577,1.1099315819938909,0.25981762285152155,True
2020-05,16,486,516,2020-05-01,2020-05-31 23:59:59.999999999,analysis,0.03225806451612903,0.11185343008259488,0.9473473204122064,1.1099315819938909,0.25981762285152155,False
2020-06,17,517,546,2020-06-01,2020-06-30 23:59:59.999999999,analysis,0.03333333333333333,0.11376559304071444,0.9206428233897253,1.1099315819938909,0.25981762285152155,False
2020-07,18,547,577,2020-07-01,2020-07-31 23:59:59.999999999,analysis,0.03225806451612903,0.11185343008259488,0.8904113587220432,1.1099315819938909,0.25981762285152155,False
2020-08,19,578,608,2020-08-01,2020-08-31 23:59:59.999999999,analysis,0.03225806451612903,0.11185343008259488,1.1568658075275293,1.1099315819938909,0.25981762285152155,True
2020-09,20,609,638,2020-09-01,2020-09-30 23:59:59.999999999,analysis,0.0,0.11185343008259488,0.7106887867842312,1.1099315819938909,0.25981762285152155,False
2020-10,21,639,669,2020-10-01,2020-10-31 23:59:59.999999999,analysis,0.03225806451612903,0.11185343008259488,0.47457371425699557,1.1099315819938909,0.25981762285152155,False
2020-11,22,670,699,2020-11-01,2020-11-30 23:59:59.999999999,analysis,0.0,0.11185343008259488,0.585463231045965,1.1099315819938909,0.25981762285152155,False
2020-12,23,700,730,2020-12-01,2020-12-31 23:59:59.999999999,analysis,0.0,0.11003455390382959,0.630549934871628,1.1099315819938909,0.25981762285152155,False
