chunk,chunk,chunk,chunk,chunk,chunk,chunk,chunk,rmse,rmse,rmse,rmse,rmse
key,chunk_index,start_index,end_index,start_date,end_date,period,targets_missing_rate,sampling_error,value,upper_threshold,lower_threshold,alert
1979-01,0,0,30,1979-01-01,1979-01-31 23:59:59.999999999,reference,0.0,0.10975861118089067,0.7281117258534352,1.111198763269931,0.2591245934456822,False
1979-02,1,31,58,1979-02-01,1979-02-28 23:59:59.999999999,reference,0.0,0.1154889503958675,1.074340623463184,1.111198763269931,0.2591245934456822,False
1979-03,2,59,89,1979-03-01,1979-03-31 23:59:59.999999999,reference,0.0,0.10975861118089067,0.948883132511179,1.111198763269931,0.2591245934456822,False
1979-04,3,90,119,1979-04-01,1979-04-30 23:59:59.999999999,reference,0.0,0.1115729260139,0.7945078944217293,1.111198763269931,0.2591245934456822,False
1979-05,4,120,150,1979-05-01,1979-05-31 23:59:59.999999999,reference,0.0,0.10975861118089067,0.625043269193617,1.111198763269931,0.2591245934456822,False
1979-06,5,151,180,1979-06-01,1979-06-30 23:59:59.999999999,reference,0.0,0.1115729260139,0.613210258095279,1.111198763269931,0.2591245934456822,False
1979-07,6,181,211,1979-07-01,1979-07-31 23:59:59.999999999,reference,0.0,0.10975861118089067,0.7362427552509131,1.111198763269931,0.2591245934456822,False
1979-08,7,212,242,1979-08-01,1979-08-31 23:59:59.999999999,reference,0.0,0.10975861118089067,0.706972898130251,1.111198763269931,0.2591245934456822,False
1979-09,8,243,272,1979-09-01,1979-09-30 23:59:59.999999999,reference,0.0,0.1115729260139,0.6902057501186951,1.111198763269931,0.2591245934456822,False
1979-10,9,273,303,1979-10-01,1979-10-31 23:59:59.999999999,reference,0.0,0.10975861118089067,0.6940734980370828,1.111198763269931,0.2591245934456822,False
1979-11,10,304,333,1979-11-01,1979-11-30 23:59:59.999999999,reference,0.0,0.1115729260139,0.7499941426227626,1.111198763269931,0.2591245934456822,False
1979-12,11,334,364,1979-12-01,1979-12-31 23:59:59.999999999,reference,0.0,0.10975861118089067,0.693788071881866,1.111198763269931,0.2591245934456822,False
1980-01,12,365,395,1980-01-01,1980-01-31 23:59:59.999999999,reference,0.0,0.10975861118089067,0.6426831463705989,1.111198763269931,0.2591245934456822,False
1980-02,13,396,424,1980-02-01,1980-02-29 23:59:59.999999999,reference,0.0,0.11348029368331573,0.777548661440869,1.111198763269931,0.2591245934456822,False
1980-03,14,425,455,1980-03-01,1980-03-31 23:59:59.999999999,reference,0.0,0.10975861118089067,0.7035708936524449,1.111198763269931,0.2591245934456822,False
1980-04,15,456,485,1980-04-01,1980-04-30 23:59:59.999999999,reference,0.0,0.1115729260139,0.7908874241569572,1.111198763269931,0.2591245934456822,False
1980-05,16,486,516,1980-05-01,1980-05-31 23:59:59.999999999,reference,0.0,0.10975861118089067,0.7741338559061485,1.111198763269931,0.2591245934456822,False
1980-06,17,517,546,1980-06-01,1980-06-30 23:59:59.999999999,reference,0.0,0.1115729260139,0.7012511119457945,1.111198763269931,0.2591245934456822,False
1980-07,18,547,577,1980-07-01,1980-07-31 23:59:59.999999999,reference,0.0,0.10975861118089067,0.5819782160169404,1.111198763269931,0.2591245934456822,False
1980-08,19,578,608,1980-08-01,1980-08-31 23:59:59.999999999,reference,0.0,0.10975861118089067,0.8045792156884742,1.111198763269931,0.2591245934456822,False
1980-09,20,609,638,1980-09-01,1980-09-30 23:59:59.999999999,reference,0.0,0.1115729260139,0.6307570772211639,1.111198763269931,0.2591245934456822,False
1980-10,21,639,669,1980-10-01,1980-10-31 23:59:59.999999999,reference,0.0,0.10975861118089067,0.8312312814950056,1.111198763269931,0.2591245934456822,False
1980-11,22,670,699,1980-11-01,1980-11-30 23:59:59.999999999,reference,0.0,0.1115729260139,0.7565021672999086,1.111198763269931,0.2591245934456822,False
1980-12,23,700,730,1980-12-01,1980-12-31 23:59:59.999999999,reference,0.0,0.10975861118089067,0.7619346321938573,1.111198763269931,0.2591245934456822,False
1981-01,24,731,761,1981-01-01,1981-01-31 23:59:59.999999999,reference,0.0,0.10975861118089067,0.9127164595446045,1.111198763269931,0.2591245934456822,False
1981-02,25,762,789,1981-02-01,1981-02-28 23:59:59.999999999,reference,0.0,0.1154889503958675,0.7658138892404248,1.111198763269931,0.2591245934456822,False
1981-03,26,790,820,1981-03-01,1981-03-31 23:59:59.999999999,reference,0.0,0.10975861118089067,0.9331168737542945,1.111198763269931,0.2591245934456822,False
1981-04,27,821,850,1981-04-01,1981-04-30 23:59:59.999999999,reference,0.0,0.1115729260139,0.5971866299634488,1.111198763269931,0.2591245934456822,False
1981-05,28,851,881,1981-05-01,1981-05-31 23:59:59.999999999,reference,0.0,0.10975861118089067,0.6579769597548338,1.111198763269931,0.2591245934456822,False
1981-06,29,882,911,1981-06-01,1981-06-30 23:59:59.999999999,reference,0.0,0.1115729260139,0.9126094941730147,1.111198763269931,0.2591245934456822,False
1981-07,30,912,942,1981-07-01,1981-07-31 23:59:59.999999999,reference,0.0,0.10975861118089067,0.7178874724829158,1.111198763269931,0.2591245934456822,False
1981-08,31,943,973,1981-08-01,1981-08-31 23:59:59.999999999,reference,0.0,0.10975861118089067,0.7368712513454834,1.111198763269931,0.2591245934456822,False
1981-09,32,974,1003,1981-09-01,1981-09-30 23:59:59.999999999,reference,0.0,0.1115729260139,0.577168340467436,1.111198763269931,0.2591245934456822,False
1981-10,33,1004,1034,1981-10-01,1981-10-31 23:59:59.999999999,reference,0.0,0.10975861118089067,0.7223560782636291,1.111198763269931,0.2591245934456822,False
1981-11,34,1035,1064,1981-11-01,1981-11-30 23:59:59.999999999,reference,0.0,0.1115729260139,0.6884027050227028,1.111198763269931,0.2591245934456822,False
1981-12,35,1065,1095,1981-12-01,1981-12-31 23:59:59.999999999,reference,0.0,0.10975861118089067,0.6790255181673573,1.111198763269931,0.2591245934456822,False
1982-01,36,1096,1126,1982-01-01,1982-01-31 23:59:59.999999999,reference,0.0,0.10975861118089067,0.6723874544141317,1.111198763269931,0.2591245934456822,False
1982-02,37,1127,1154,1982-02-01,1982-02-28 23:59:59.999999999,reference,0.0,0.1154889503958675,0.6751716034297062,1.111198763269931,0.2591245934456822,False
1982-03,38,1155,1185,1982-03-01,1982-03-31 23:59:59.999999999,reference,0.0,0.10975861118089067,0.8854627517970737,1.111198763269931,0.2591245934456822,False
1982-04,39,1186,1215,1982-04-01,1982-04-30 23:59:59.999999999,reference,0.0,0.1115729260139,0.817892959356037,1.111198763269931,0.2591245934456822,False
1982-05,40,1216,1246,1982-05-01,1982-05-31 23:59:59.999999999,reference,0.0,0.10975861118089067,0.8170821721924344,1.111198763269931,0.2591245934456822,False
1982-06,41,1247,1276,1982-06-01,1982-06-30 23:59:59.999999999,reference,0.0,0.1115729260139,0.6010238415734003,1.111198763269931,0.2591245934456822,False
1982-07,42,1277,1307,1982-07-01,1982-07-31 23:59:59.999999999,reference,0.0,0.10975861118089067,0.7150644021188421,1.111198763269931,0.2591245934456822,False
1982-08,43,1308,1338,1982-08-01,1982-08-31 23:59:59.999999999,reference,0.0,0.10975861118089067,0.6185848703422099,1.111198763269931,0.2591245934456822,False
1982-09,44,1339,1368,1982-09-01,1982-09-30 23:59:59.999999999,reference,0.0,0.1115729260139,0.8653630237368336,1.111198763269931,0.2591245934456822,False
1982-10,45,1369,1399,1982-10-01,1982-10-31 23:59:59.999999999,reference,0.0,0.10975861118089067,0.6382614343457651,1.111198763269931,0.2591245934456822,False
1982-11,46,1400,1429,1982-11-01,1982-11-30 23:59:59.999999999,reference,0.0,0.1115729260139,0.6669989853634212,1.111198763269931,0.2591245934456822,False
1982-12,47,1430,1460,1982-12-01,1982-12-31 23:59:59.999999999,reference,0.0,0.10975861118089067,1.0946994367047842,1.111198763269931,0.2591245934456822,False
1983-01,48,1461,1491,1983-01-01,1983-01-31 23:59:59.999999999,reference,0.0,0.10975861118089067,0.9315925216313251,1.111198763269931,0.2591245934456822,False
1983-02,49,1492,1519,1983-02-01,1983-02-28 23:59:59.999999999,reference,0.0,0.1154889503958675,0.715984705923752,1.111198763269931,0.2591245934456822,False
1983-03,50,1520,1550,1983-03-01,1983-03-31 23:59:59.999999999,reference,0.0,0.10975861118089067,0.7891558959648957,1.111198763269931,0.2591245934456822,False
1983-04,51,1551,1580,1983-04-01,1983-04-30 23:59:59.999999999,reference,0.0,0.1115729260139,0.9225614382678888,1.111198763269931,0.2591245934456822,False
1983-05,52,1581,1611,1983-05-01,1983-05-31 23:59:59.999999999,reference,0.0,0.10975861118089067,0.649332395265497,1.111198763269931,0.2591245934456822,False
1983-06,53,1612,1641,1983-06-01,1983-06-30 23:59:59.999999999,reference,0.0,0.1115729260139,0.8232152796903509,1.111198763269931,0.2591245934456822,False
1983-07,54,1642,1672,1983-07-01,1983-07-31 23:59:59.999999999,reference,0.0,0.10975861118089067,0.6581746114201363,1.111198763269931,0.2591245934456822,False
1983-08,55,1673,1703,1983-08-01,1983-08-31 23:59:59.999999999,reference,0.0,0.10975861118089067,0.8041521979555867,1.111198763269931,0.2591245934456822,False
1983-09,56,1704,1733,1983-09-01,1983-09-30 23:59:59.999999999,reference,0.0,0.1115729260139,0.6779761010419587,1.111198763269931,0.2591245934456822,False
1983-10,57,1734,1764,1983-10-01,1983-10-31 23:59:59.999999999,reference,0.0,0.10975861118089067,0.6131744095984468,1.111198763269931,0.2591245934456822,False
1983-11,58,1765,1794,1983-11-01,1983-11-30 23:59:59.999999999,reference,0.0,0.1115729260139,0.6404170104448254,1.111198763269931,0.2591245934456822,False
1983-12,59,1795,1825,1983-12-01,1983-12-31 23:59:59.999999999,reference,0.0,0.10975861118089067,0.7602492413638249,1.111198763269931,0.2591245934456822,False
1984-01,60,1826,1856,1984-01-01,1984-01-31 23:59:59.999999999,reference,0.0,0.10975861118089067,0.7625548944375825,1.111198763269931,0.2591245934456822,False
1984-02,61,1857,1885,1984-02-01,1984-02-29 23:59:59.999999999,reference,0.0,0.11348029368331573,0.7789462712435486,1.111198763269931,0.2591245934456822,False
1984-03,62,1886,1916,1984-03-01,1984-03-31 23:59:59.999999999,reference,0.0,0.10975861118089067,0.7788346701348992,1.111198763269931,0.2591245934456822,False
1984-04,63,1917,1946,1984-04-01,1984-04-30 23:59:59.999999999,reference,0.0,0.1115729260139,0.8252268293051989,1.111198763269931,0.2591245934456822,False
1984-05,64,1947,1977,1984-05-01,1984-05-31 23:59:59.999999999,reference,0.0,0.10975861118089067,0.8750331171150992,1.111198763269931,0.2591245934456822,False
1984-06,65,1978,2007,1984-06-01,1984-06-30 23:59:59.999999999,reference,0.0,0.1115729260139,0.6559492656911383,1.111198763269931,0.2591245934456822,False
1984-07,66,2008,2038,1984-07-01,1984-07-31 23:59:59.999999999,reference,0.0,0.10975861118089067,0.8545500078119475,1.111198763269931,0.2591245934456822,False
1984-08,67,2039,2069,1984-08-01,1984-08-31 23:59:59.999999999,reference,0.0,0.10975861118089067,0.7331558985081025,1.111198763269931,0.2591245934456822,False
1984-09,68,2070,2099,1984-09-01,1984-09-30 23:59:59.999999999,reference,0.0,0.1115729260139,0.645153088911877,1.111198763269931,0.2591245934456822,False
1984-10,69,2100,2130,1984-10-01,1984-10-31 23:59:59.999999999,reference,0.0,0.10975861118089067,0.736910961236694,1.111198763269931,0.2591245934456822,False
1984-11,70,2131,2160,1984-11-01,1984-11-30 23:59:59.999999999,reference,0.0,0.1115729260139,0.6805138599489889,1.111198763269931,0.2591245934456822,False
1984-12,71,2161,2191,1984-12-01,1984-12-31 23:59:59.999999999,reference,0.0,0.10975861118089067,0.7481733979332805,1.111198763269931,0.2591245934456822,False
1985-01,72,2192,2222,1985-01-01,1985-01-31 23:59:59.999999999,reference,0.0,0.10975861118089067,0.7098025979702087,1.111198763269931,0.2591245934456822,False
1985-02,73,2223,2250,1985-02-01,1985-02-28 23:59:59.999999999,reference,0.0,0.1154889503958675,0.8842740530584746,1.111198763269931,0.2591245934456822,False
1985-03,74,2251,2281,1985-03-01,1985-03-31 23:59:59.999999999,reference,0.0,0.10975861118089067,0.7245847819003193,1.111198763269931,0.2591245934456822,False
1985-04,75,2282,2311,1985-04-01,1985-04-30 23:59:59.999999999,reference,0.0,0.1115729260139,0.8019796456121704,1.111198763269931,0.2591245934456822,False
1985-05,76,2312,2342,1985-05-01,1985-05-31 23:59:59.999999999,reference,0.0,0.10975861118089067,0.7626630269413145,1.111198763269931,0.2591245934456822,False
1985-06,77,2343,2372,1985-06-01,1985-06-30 23:59:59.999999999,reference,0.0,0.1115729260139,0.5981082838879127,1.111198763269931,0.2591245934456822,False
1985-07,78,2373,2403,1985-07-01,1985-07-31 23:59:59.999999999,reference,0.0,0.10975861118089067,0.7824647074156871,1.111198763269931,0.2591245934456822,False
1985-08,79,2404,2434,1985-08-01,1985-08-31 23:59:59.999999999,reference,0.0,0.10975861118089067,0.637794892636913,1.111198763269931,0.2591245934456822,False
1985-09,80,2435,2464,1985-09-01,1985-09-30 23:59:59.999999999,reference,0.0,0.1115729260139,0.6351746877359568,1.111198763269931,0.2591245934456822,False
1985-10,81,2465,2495,1985-10-01,1985-10-31 23:59:59.999999999,reference,0.0,0.10975861118089067,0.8995331254097509,1.111198763269931,0.2591245934456822,False
1985-11,82,2496,2525,1985-11-01,1985-11-30 23:59:59.999999999,reference,0.0,0.1115729260139,0.66589307610352,1.111198763269931,0.2591245934456822,False
1985-12,83,2526,2556,1985-12-01,1985-12-31 23:59:59.999999999,reference,0.0,0.10975861118089067,0.6335168700800284,1.111198763269931,0.2591245934456822,False
1986-01,84,2557,2587,1986-01-01,1986-01-31 23:59:59.999999999,reference,0.0,0.10975861118089067,0.8748134559575242,1.111198763269931,0.2591245934456822,False
1986-02,85,2588,2615,1986-02-01,1986-02-28 23:59:59.999999999,reference,0.0,0.1154889503958675,0.6388219565709673,1.111198763269931,0.2591245934456822,False
1986-03,86,2616,2646,1986-03-01,1986-03-31 23:59:59.999999999,reference,0.0,0.10975861118089067,0.7930514388663262,1.111198763269931,0.2591245934456822,False
1986-04,87,2647,2676,1986-04-01,1986-04-30 23:59:59.999999999,reference,0.0,0.1115729260139,0.6966004909320823,1.111198763269931,0.2591245934456822,False
1986-05,88,2677,2707,1986-05-01,1986-05-31 23:59:59.999999999,reference,0.0,0.10975861118089067,0.9402058524862809,1.111198763269931,0.2591245934456822,False
1986-06,89,2708,2737,1986-06-01,1986-06-30 23:59:59.999999999,reference,0.0,0.1115729260139,0.701885005210045,1.111198763269931,0.2591245934456822,False
1986-07,90,2738,2768,1986-07-01,1986-07-31 23:59:59.999999999,reference,0.0,0.10975861118089067,0.6637676937486582,1.111198763269931,0.2591245934456822,False
1986-08,91,2769,2799,1986-08-01,1986-08-31 23:59:59.999999999,reference,0.0,0.10975861118089067,0.5803732447356278,1.111198763269931,0.2591245934456822,False
1986-09,92,2800,2829,1986-09-01,1986-09-30 23:59:59.999999999,reference,0.0,0.1115729260139,0.6776137452503087,1.111198763269931,0.2591245934456822,False
1986-10,93,2830,2860,1986-10-01,1986-10-31 23:59:59.999999999,reference,0.0,0.10975861118089067,0.5046225238004003,1.111198763269931,0.2591245934456822,False
1986-11,94,2861,2890,1986-11-01,1986-11-30 23:59:59.999999999,reference,0.0,0.1115729260139,0.8334193585923924,1.111198763269931,0.2591245934456822,False
1986-12,95,2891,2921,1986-12-01,1986-12-31 23:59:59.999999999,reference,0.0,0.10975861118089067,0.6775795201479597,1.111198763269931,0.2591245934456822,False
1987-01,96,2922,2952,1987-01-01,1987-01-31 23:59:59.999999999,reference,0.0,0.10975861118089067,0.7903876519823908,1.111198763269931,0.2591245934456822,False
1987-02,97,2953,2980,1987-02-01,1987-02-28 23:59:59.999999999,reference,0.0,0.1154889503958675,0.67150375771309,1.111198763269931,0.2591245934456822,False
1987-03,98,2981,3011,1987-03-01,1987-03-31 23:59:59.999999999,reference,0.0,0.10975861118089067,0.739971779872361,1.111198763269931,0.2591245934456822,False
1987-04,99,3012,3041,1987-04-01,1987-04-30 23:59:59.999999999,reference,0.0,0.1115729260139,0.863211565310807,1.111198763269931,0.2591245934456822,False
1987-05,100,3042,3072,1987-05-01,1987-05-31 23:59:59.999999999,reference,0.0,0.10975861118089067,0.7596948083316676,1.111198763269931,0.2591245934456822,False
1987-06,101,3073,3102,1987-06-01,1987-06-30 23:59:59.999999999,reference,0.0,0.1115729260139,0.6253788513672949,1.111198763269931,0.2591245934456822,False
1987-07,102,3103,3133,1987-07-01,1987-07-31 23:59:59.999999999,reference,0.0,0.10975861118089067,0.7404571192351888,1.111198763269931,0.2591245934456822,False
1987-08,103,3134,3164,1987-08-01,1987-08-31 23:59:59.999999999,reference,0.0,0.10975861118089067,0.7009754992988002,1.111198763269931,0.2591245934456822,False
1987-09,104,3165,3194,1987-09-01,1987-09-30 23:59:59.999999999,reference,0.0,0.1115729260139,0.7486278414988701,1.111198763269931,0.2591245934456822,False
1987-10,105,3195,3225,1987-10-01,1987-10-31 23:59:59.999999999,reference,0.0,0.10975861118089067,0.9133760603314219,1.111198763269931,0.2591245934456822,False
1987-11,106,3226,3255,1987-11-01,1987-11-30 23:59:59.999999999,reference,0.0,0.1115729260139,0.6092824874458951,1.111198763269931,0.2591245934456822,False
1987-12,107,3256,3286,1987-12-01,1987-12-31 23:59:59.999999999,reference,0.0,0.10975861118089067,0.6802101037489363,1.111198763269931,0.2591245934456822,False
1988-01,108,3287,3317,1988-01-01,1988-01-31 23:59:59.999999999,reference,0.0,0.10975861118089067,0.7950464789475413,1.111198763269931,0.2591245934456822,False
1988-02,109,3318,3346,1988-02-01,1988-02-29 23:59:59.999999999,reference,0.0,0.11348029368331573,0.6824640340258151,1.111198763269931,0.2591245934456822,False
1988-03,110,3347,3377,1988-03-01,1988-03-31 23:59:59.999999999,reference,0.0,0.10975861118089067,0.5512869100019597,1.111198763269931,0.2591245934456822,False
1988-04,111,3378,3407,1988-04-01,1988-04-30 23:59:59.999999999,reference,0.0,0.1115729260139,0.820602156555725,1.111198763269931,0.2591245934456822,False
1988-05,112,3408,3438,1988-05-01,1988-05-31 23:59:59.999999999,reference,0.0,0.10975861118089067,0.9116985263278036,1.111198763269931,0.2591245934456822,False
1988-06,113,3439,3468,1988-06-01,1988-06-30 23:59:59.999999999,reference,0.0,0.1115729260139,0.8206327468540588,1.111198763269931,0.2591245934456822,False
1988-07,114,3469,3499,1988-07-01,1988-07-31 23:59:59.999999999,reference,0.0,0.10975861118089067,0.5392650097313465,1.111198763269931,0.2591245934456822,False
1988-08,115,3500,3530,1988-08-01,1988-08-31 23:59:59.999999999,reference,0.0,0.10975861118089067,0.6259732496905757,1.111198763269931,0.2591245934456822,False
1988-09,116,3531,3560,1988-09-01,1988-09-30 23:59:59.999999999,reference,0.0,0.1115729260139,0.6275472658496438,1.111198763269931,0.2591245934456822,False
1988-10,117,3561,3591,1988-10-01,1988-10-31 23:59:59.999999999,reference,0.0,0.10975861118089067,0.5424564693015163,1.111198763269931,0.2591245934456822,False
1988-11,118,3592,3621,1988-11-01,1988-11-30 23:59:59.999999999,reference,0.0,0.1115729260139,0.8536106608970703,1.111198763269931,0.2591245934456822,False
1988-12,119,3622,3652,1988-12-01,1988-12-31 23:59:59.999999999,reference,0.0,0.10975861118089067,0.7279086057904727,1.111198763269931,0.2591245934456822,False
1989-01,120,3653,3683,1989-01-01,1989-01-31 23:59:59.999999999,reference,0.0,0.10975861118089067,0.6807284049205101,1.111198763269931,0.2591245934456822,False
1989-02,121,3684,3711,1989-02-01,1989-02-28 23:59:59.999999999,reference,0.0,0.1154889503958675,0.6926274845767899,1.111198763269931,0.2591245934456822,False
1989-03,122,3712,3742,1989-03-01,1989-03-31 23:59:59.999999999,reference,0.0,0.10975861118089067,0.7531061160521102,1.111198763269931,0.2591245934456822,False
1989-04,123,3743,3772,1989-04-01,1989-04-30 23:59:59.999999999,reference,0.0,0.1115729260139,0.7288201743556117,1.111198763269931,0.2591245934456822,False
1989-05,124,3773,3803,1989-05-01,1989-05-31 23:59:59.999999999,reference,0.0,0.10975861118089067,0.6801861345870586,1.111198763269931,0.2591245934456822,False
1989-06,125,3804,3833,1989-06-01,1989-06-30 23:59:59.999999999,reference,0.0,0.1115729260139,0.6156105184787345,1.111198763269931,0.2591245934456822,False
1989-07,126,3834,3864,1989-07-01,1989-07-31 23:59:59.999999999,reference,0.0,0.10975861118089067,0.7770444241845186,1.111198763269931,0.2591245934456822,False
1989-08,127,3865,3895,1989-08-01,1989-08-31 23:59:59.999999999,reference,0.0,0.10975861118089067,0.796843903603144,1.111198763269931,0.2591245934456822,False
1989-09,128,3896,3925,1989-09-01,1989-09-30 23:59:59.999999999,reference,0.0,0.1115729260139,0.8154084229757067,1.111198763269931,0.2591245934456822,False
1989-10,129,3926,3956,1989-10-01,1989-10-31 23:59:59.999999999,reference,0.0,0.10975861118089067,0.8556381172993683,1.111198763269931,0.2591245934456822,False
1989-11,130,3957,3986,1989-11-01,1989-11-30 23:59:59.999999999,reference,0.0,0.1115729260139,0.6145040974141204,1.111198763269931,0.2591245934456822,False
1989-12,131,3987,4017,1989-12-01,1989-12-31 23:59:59.999999999,reference,0.0,0.10975861118089067,0.619270046538657,1.111198763269931,0.2591245934456822,False
1990-01,132,4018,4048,1990-01-01,1990-01-31 23:59:59.999999999,reference,0.0,0.10975861118089067,0.6709929517689488,1.111198763269931,0.2591245934456822,False
1990-02,133,4049,4076,1990-02-01,1990-02-28 23:59:59.999999999,reference,0.0,0.1154889503958675,0.926893645809071,1.111198763269931,0.2591245934456822,False
1990-03,134,4077,4107,1990-03-01,1990-03-31 23:59:59.999999999,reference,0.0,0.10975861118089067,0.8289356926103525,1.111198763269931,0.2591245934456822,False
1990-04,135,4108,4137,1990-04-01,1990-04-30 23:59:59.999999999,reference,0.0,0.1115729260139,0.6878467966589216,1.111198763269931,0.2591245934456822,False
1990-05,136,4138,4168,1990-05-01,1990-05-31 23:59:59.999999999,reference,0.0,0.10975861118089067,0.6582820785473389,1.111198763269931,0.2591245934456822,False
1990-06,137,4169,4198,1990-06-01,1990-06-30 23:59:59.999999999,reference,0.0,0.1115729260139,0.772560453942684,1.111198763269931,0.2591245934456822,False
1990-07,138,4199,4229,1990-07-01,1990-07-31 23:59:59.999999999,reference,0.0,0.10975861118089067,0.7603132267018691,1.111198763269931,0.2591245934456822,False
1990-08,139,4230,4260,1990-08-01,1990-08-31 23:59:59.999999999,reference,0.0,0.10975861118089067,0.7886478425729335,1.111198763269931,0.2591245934456822,False
1990-09,140,4261,4290,1990-09-01,1990-09-30 23:59:59.999999999,reference,0.0,0.1115729260139,0.9509501979457199,1.111198763269931,0.2591245934456822,False
1990-10,141,4291,4321,1990-10-01,1990-10-31 23:59:59.999999999,reference,0.0,0.10975861118089067,0.796220438237944,1.111198763269931,0.2591245934456822,False
1990-11,142,4322,4351,1990-11-01,1990-11-30 23:59:59.999999999,reference,0.0,0.1115729260139,0.6109822065288345,1.111198763269931,0.2591245934456822,False
1990-12,143,4352,4382,1990-12-01,1990-12-31 23:59:59.999999999,reference,0.0,0.10975861118089067,0.9513903554500882,1.111198763269931,0.2591245934456822,False
1991-01,144,4383,4413,1991-01-01,1991-01-31 23:59:59.999999999,reference,0.0,0.10975861118089067,0.5282332311974336,1.111198763269931,0.2591245934456822,False
1991-02,145,4414,4441,1991-02-01,1991-02-28 23:59:59.999999999,reference,0.0,0.1154889503958675,0.663618483923678,1.111198763269931,0.2591245934456822,False
1991-03,146,4442,4472,1991-03-01,1991-03-31 23:59:59.999999999,reference,0.0,0.10975861118089067,0.8384240598611388,1.111198763269931,0.2591245934456822,False
1991-04,147,4473,4502,1991-04-01,1991-04-30 23:59:59.999999999,reference,0.0,0.1115729260139,0.6618315523753745,1.111198763269931,0.2591245934456822,False
1991-05,148,4503,4533,1991-05-01,1991-05-31 23:59:59.999999999,reference,0.0,0.10975861118089067,0.5908996510905075,1.111198763269931,0.2591245934456822,False
1991-06,149,4534,4563,1991-06-01,1991-06-30 23:59:59.999999999,reference,0.0,0.1115729260139,0.529569334781374,1.111198763269931,0.2591245934456822,False
1991-07,150,4564,4594,1991-07-01,1991-07-31 23:59:59.999999999,reference,0.0,0.10975861118089067,0.6845696244582764,1.111198763269931,0.2591245934456822,False
1991-08,151,4595,4625,1991-08-01,1991-08-31 23:59:59.999999999,reference,0.0,0.10975861118089067,0.5813893351923028,1.111198763269931,0.2591245934456822,False
1991-09,152,4626,4655,1991-09-01,1991-09-30 23:59:59.999999999,reference,0.0,0.1115729260139,0.8413704808125643,1.111198763269931,0.2591245934456822,False
1991-10,153,4656,4686,1991-10-01,1991-10-31 23:59:59.999999999,reference,0.0,0.10975861118089067,0.6739686252210603,1.111198763269931,0.2591245934456822,False
1991-11,154,4687,4716,1991-11-01,1991-11-30 23:59:59.999999999,reference,0.0,0.1115729260139,0.7212801372374483,1.111198763269931,0.2591245934456822,False
1991-12,155,4717,4747,1991-12-01,1991-12-31 23:59:59.999999999,reference,0.0,0.10975861118089067,0.9075415004500197,1.111198763269931,0.2591245934456822,False
1992-01,156,4748,4778,1992-01-01,1992-01-31 23:59:59.999999999,reference,0.0,0.10975861118089067,0.589662134512911,1.111198763269931,0.2591245934456822,False
1992-02,157,4779,4807,1992-02-01,1992-02-29 23:59:59.999999999,reference,0.0,0.11348029368331573,0.8509723176835443,1.111198763269931,0.2591245934456822,False
1992-03,158,4808,4838,1992-03-01,1992-03-31 23:59:59.999999999,reference,0.0,0.10975861118089067,0.6605898846373135,1.111198763269931,0.2591245934456822,False
1992-04,159,4839,4868,1992-04-01,1992-04-30 23:59:59.999999999,reference,0.0,0.1115729260139,0.6812024032462286,1.111198763269931,0.2591245934456822,False
1992-05,160,4869,4899,1992-05-01,1992-05-31 23:59:59.999999999,reference,0.0,0.10975861118089067,0.7844848601826557,1.111198763269931,0.2591245934456822,False
1992-06,161,4900,4929,1992-06-01,1992-06-30 23:59:59.999999999,reference,0.0,0.1115729260139,0.72192693829102,1.111198763269931,0.2591245934456822,False
1992-07,162,4930,4960,1992-07-01,1992-07-31 23:59:59.999999999,reference,0.0,0.10975861118089067,0.5757277896700252,1.111198763269931,0.2591245934456822,False
1992-08,163,4961,4991,1992-08-01,1992-08-31 23:59:59.999999999,reference,0.0,0.10975861118089067,0.7427938442058262,1.111198763269931,0.2591245934456822,False
1992-09,164,4992,5021,1992-09-01,1992-09-30 23:59:59.999999999,reference,0.0,0.1115729260139,0.7936910944357848,1.111198763269931,0.2591245934456822,False
1992-10,165,5022,5052,1992-10-01,1992-10-31 23:59:59.999999999,reference,0.0,0.10975861118089067,0.5646965986925534,1.111198763269931,0.2591245934456822,False
1992-11,166,5053,5082,1992-11-01,1992-11-30 23:59:59.999999999,reference,0.0,0.1115729260139,0.9127087254910917,1.111198763269931,0.2591245934456822,False
1992-12,167,5083,5113,1992-12-01,1992-12-31 23:59:59.999999999,reference,0.0,0.10975861118089067,0.760115463444768,1.111198763269931,0.2591245934456822,False
1993-01,168,5114,5144,1993-01-01,1993-01-31 23:59:59.999999999,reference,0.0,0.10975861118089067,0.8056315107119774,1.111198763269931,0.2591245934456822,False
1993-02,169,5145,5172,1993-02-01,1993-02-28 23:59:59.999999999,reference,0.0,0.1154889503958675,0.8663663087768451,1.111198763269931,0.2591245934456822,False
1993-03,170,5173,5203,1993-03-01,1993-03-31 23:59:59.999999999,reference,0.0,0.10975861118089067,0.7643767128779237,1.111198763269931,0.2591245934456822,False
1993-04,171,5204,5233,1993-04-01,1993-04-30 23:59:59.999999999,reference,0.0,0.1115729260139,0.7849711995141254,1.111198763269931,0.2591245934456822,False
1993-05,172,5234,5264,1993-05-01,1993-05-31 23:59:59.999999999,reference,0.0,0.10975861118089067,0.9133173423195364,1.111198763269931,0.2591245934456822,False
1993-06,173,5265,5294,1993-06-01,1993-06-30 23:59:59.999999999,reference,0.0,0.1115729260139,0.6230744866535496,1.111198763269931,0.2591245934456822,False
1993-07,174,5295,5325,1993-07-01,1993-07-31 23:59:59.999999999,reference,0.0,0.10975861118089067,0.6042434478624716,1.111198763269931,0.2591245934456822,False
1993-08,175,5326,5356,1993-08-01,1993-08-31 23:59:59.999999999,reference,0.0,0.10975861118089067,0.8277242494113495,1.111198763269931,0.2591245934456822,False
1993-09,176,5357,5386,1993-09-01,1993-09-30 23:59:59.999999999,reference,0.0,0.1115729260139,0.8232151335800485,1.111198763269931,0.2591245934456822,False
1993-10,177,5387,5417,1993-10-01,1993-10-31 23:59:59.999999999,reference,0.0,0.10975861118089067,0.5236171877192671,1.111198763269931,0.2591245934456822,False
1993-11,178,5418,5447,1993-11-01,1993-11-30 23:59:59.999999999,reference,0.0,0.1115729260139,0.9644386867739152,1.111198763269931,0.2591245934456822,False
1993-12,179,5448,5478,1993-12-01,1993-12-31 23:59:59.999999999,reference,0.0,0.10975861118089067,0.8130475970942832,1.111198763269931,0.2591245934456822,False
1994-01,180,5479,5509,1994-01-01,1994-01-31 23:59:59.999999999,reference,0.0,0.10975861118089067,0.6470124730171837,1.111198763269931,0.2591245934456822,False
1994-02,181,5510,5537,1994-02-01,1994-02-28 23:59:59.999999999,reference,0.0,0.1154889503958675,0.6728613785114461,1.111198763269931,0.2591245934456822,False
1994-03,182,5538,5568,1994-03-01,1994-03-31 23:59:59.999999999,reference,0.0,0.10975861118089067,0.6468753971278588,1.111198763269931,0.2591245934456822,False
1994-04,183,5569,5598,1994-04-01,1994-04-30 23:59:59.999999999,reference,0.0,0.1115729260139,0.7185209429107413,1.111198763269931,0.2591245934456822,False
1994-05,184,5599,5629,1994-05-01,1994-05-31 23:59:59.999999999,reference,0.0,0.10975861118089067,0.5213292697418929,1.111198763269931,0.2591245934456822,False
1994-06,185,5630,5659,1994-06-01,1994-06-30 23:59:59.999999999,reference,0.0,0.1115729260139,0.8181999341300888,1.111198763269931,0.2591245934456822,False
1994-07,186,5660,5690,1994-07-01,1994-07-31 23:59:59.999999999,reference,0.0,0.10975861118089067,0.6550777484263215,1.111198763269931,0.2591245934456822,False
1994-08,187,5691,5721,1994-08-01,1994-08-31 23:59:59.999999999,reference,0.0,0.10975861118089067,0.6965381488803967,1.111198763269931,0.2591245934456822,False
1994-09,188,5722,5751,1994-09-01,1994-09-30 23:59:59.999999999,reference,0.0,0.1115729260139,0.5718131856686345,1.111198763269931,0.2591245934456822,False
1994-10,189,5752,5782,1994-10-01,1994-10-31 23:59:59.999999999,reference,0.0,0.10975861118089067,0.7518567481557373,1.111198763269931,0.2591245934456822,False
1994-11,190,5783,5812,1994-11-01,1994-11-30 23:59:59.999999999,reference,0.0,0.1115729260139,0.667465157741538,1.111198763269931,0.2591245934456822,False
1994-12,191,5813,5843,1994-12-01,1994-12-31 23:59:59.999999999,reference,0.0,0.10975861118089067,0.6826654676587446,1.111198763269931,0.2591245934456822,False
1995-01,192,5844,5874,1995-01-01,1995-01-31 23:59:59.999999999,reference,0.0,0.10975861118089067,0.940481292530633,1.111198763269931,0.2591245934456822,False
1995-02,193,5875,5902,1995-02-01,1995-02-28 23:59:59.999999999,reference,0.0,0.1154889503958675,0.6373558946023324,1.111198763269931,0.2591245934456822,False
1995-03,194,5903,5933,1995-03-01,1995-03-31 23:59:59.999999999,reference,0.0,0.10975861118089067,0.8050587577161118,1.111198763269931,0.2591245934456822,False
1995-04,195,5934,5963,1995-04-01,1995-04-30 23:59:59.999999999,reference,0.0,0.1115729260139,0.8084694807021604,1.111198763269931,0.2591245934456822,False
1995-05,196,5964,5994,1995-05-01,1995-05-31 23:59:59.999999999,reference,0.0,0.10975861118089067,0.6774906797342705,1.111198763269931,0.2591245934456822,False
1995-06,197,5995,6024,1995-06-01,1995-06-30 23:59:59.999999999,reference,0.0,0.1115729260139,0.8285121060478192,1.111198763269931,0.2591245934456822,False
1995-07,198,6025,6055,1995-07-01,1995-07-31 23:59:59.999999999,reference,0.0,0.10975861118089067,0.6265315086029418,1.111198763269931,0.2591245934456822,False
1995-08,199,6056,6086,1995-08-01,1995-08-31 23:59:59.999999999,reference,0.0,0.10975861118089067,0.6950081494049665,1.111198763269931,0.2591245934456822,False
1995-09,200,6087,6116,1995-09-01,1995-09-30 23:59:59.999999999,reference,0.0,0.1115729260139,0.5734215452756075,1.111198763269931,0.2591245934456822,False
1995-10,201,6117,6147,1995-10-01,1995-10-31 23:59:59.999999999,reference,0.0,0.10975861118089067,0.6755425905205339,1.111198763269931,0.2591245934456822,False
1995-11,202,6148,6177,1995-11-01,1995-11-30 23:59:59.999999999,reference,0.0,0.1115729260139,0.6289918298177392,1.111198763269931,0.2591245934456822,False
1995-12,203,6178,6208,1995-12-01,1995-12-31 23:59:59.999999999,reference,0.0,0.10975861118089067,0.7218254441456912,1.111198763269931,0.2591245934456822,False
1996-01,204,6209,6239,1996-01-01,1996-01-31 23:59:59.999999999,reference,0.0,0.10975861118089067,0.7550139715547274,1.111198763269931,0.2591245934456822,False
1996-02,205,6240,6268,1996-02-01,1996-02-29 23:59:59.999999999,reference,0.0,0.11348029368331573,0.6799405465609291,1.111198763269931,0.2591245934456822,False
1996-03,206,6269,6299,1996-03-01,1996-03-31 23:59:59.999999999,reference,0.0,0.10975861118089067,1.078826301641471,1.111198763269931,0.2591245934456822,False
1996-04,207,6300,6329,1996-04-01,1996-04-30 23:59:59.999999999,reference,0.0,0.1115729260139,0.8224138076174891,1.111198763269931,0.2591245934456822,False
1996-05,208,6330,6360,1996-05-01,1996-05-31 23:59:59.999999999,reference,0.0,0.10975861118089067,0.5808550167566908,1.111198763269931,0.2591245934456822,False
1996-06,209,6361,6390,1996-06-01,1996-06-30 23:59:59.999999999,reference,0.0,0.1115729260139,0.876060260361939,1.111198763269931,0.2591245934456822,False
1996-07,210,6391,6421,1996-07-01,1996-07-31 23:59:59.999999999,reference,0.0,0.10975861118089067,0.7018585163958878,1.111198763269931,0.2591245934456822,False
1996-08,211,6422,6452,1996-08-01,1996-08-31 23:59:59.999999999,reference,0.0,0.10975861118089067,0.693865649597536,1.111198763269931,0.2591245934456822,False
1996-09,212,6453,6482,1996-09-01,1996-09-30 23:59:59.999999999,reference,0.0,0.1115729260139,0.6208108922658148,1.111198763269931,0.2591245934456822,False
1996-10,213,6483,6513,1996-10-01,1996-10-31 23:59:59.999999999,reference,0.0,0.10975861118089067,0.6591595399848383,1.111198763269931,0.2591245934456822,False
1996-11,214,6514,6543,1996-11-01,1996-11-30 23:59:59.999999999,reference,0.0,0.1115729260139,0.6055035146662001,1.111198763269931,0.2591245934456822,False
1996-12,215,6544,6574,1996-12-01,1996-12-31 23:59:59.999999999,reference,0.0,0.10975861118089067,0.7984034358841499,1.111198763269931,0.2591245934456822,False
1997-01,216,6575,6605,1997-01-01,1997-01-31 23:59:59.999999999,reference,0.0,0.10975861118089067,0.6416096360731256,1.111198763269931,0.2591245934456822,False
1997-02,217,6606,6633,1997-02-01,1997-02-28 23:59:59.999999999,reference,0.0,0.1154889503958675,0.5603433978010524,1.111198763269931,0.2591245934456822,False
1997-03,218,6634,6664,1997-03-01,1997-03-31 23:59:59.999999999,reference,0.0,0.10975861118089067,0.6855953810357723,1.111198763269931,0.2591245934456822,False
1997-04,219,6665,6694,1997-04-01,1997-04-30 23:59:59.999999999,reference,0.0,0.1115729260139,0.9459130045613029,1.111198763269931,0.2591245934456822,False
1997-05,220,6695,6725,1997-05-01,1997-05-31 23:59:59.999999999,reference,0.0,0.10975861118089067,1.0110079092421855,1.111198763269931,0.2591245934456822,False
1997-06,221,6726,6755,1997-06-01,1997-06-30 23:59:59.999999999,reference,0.0,0.1115729260139,0.6820150796590626,1.111198763269931,0.2591245934456822,False
1997-07,222,6756,6786,1997-07-01,1997-07-31 23:59:59.999999999,reference,0.0,0.10975861118089067,0.5268009908006019,1.111198763269931,0.2591245934456822,False
1997-08,223,6787,6817,1997-08-01,1997-08-31 23:59:59.999999999,reference,0.0,0.10975861118089067,0.5678228232652194,1.111198763269931,0.2591245934456822,False
1997-09,224,6818,6847,1997-09-01,1997-09-30 23:59:59.999999999,reference,0.0,0.1115729260139,0.7442417270942328,1.111198763269931,0.2591245934456822,False
1997-10,225,6848,6878,1997-10-01,1997-10-31 23:59:59.999999999,reference,0.0,0.10975861118089067,0.982982582645888,1.111198763269931,0.2591245934456822,False
1997-11,226,6879,6908,1997-11-01,1997-11-30 23:59:59.999999999,reference,0.0,0.1115729260139,0.6312862825836464,1.111198763269931,0.2591245934456822,False
1997-12,227,6909,6939,1997-12-01,1997-12-31 23:59:59.999999999,reference,0.0,0.10975861118089067,0.7617967893110159,1.111198763269931,0.2591245934456822,False
1998-01,228,6940,6970,1998-01-01,1998-01-31 23:59:59.999999999,reference,0.0,0.10975861118089067,0.6482535393601179,1.111198763269931,0.2591245934456822,False
1998-02,229,6971,6998,1998-02-01,1998-02-28 23:59:59.999999999,reference,0.0,0.1154889503958675,0.8005501423121528,1.111198763269931,0.2591245934456822,False
1998-03,230,6999,7029,1998-03-01,1998-03-31 23:59:59.999999999,reference,0.0,0.10975861118089067,0.6241529644012631,1.111198763269931,0.2591245934456822,False
1998-04,231,7030,7059,1998-04-01,1998-04-30 23:59:59.999999999,reference,0.0,0.1115729260139,0.8656605376915231,1.111198763269931,0.2591245934456822,False
1998-05,232,7060,7090,1998-05-01,1998-05-31 23:59:59.999999999,reference,0.0,0.10975861118089067,0.7999590306643203,1.111198763269931,0.2591245934456822,False
1998-06,233,7091,7120,1998-06-01,1998-06-30 23:59:59.999999999,reference,0.0,0.1115729260139,0.6565653150900445,1.111198763269931,0.2591245934456822,False
1998-07,234,7121,7151,1998-07-01,1998-07-31 23:59:59.999999999,reference,0.0,0.10975861118089067,0.4941325271486154,1.111198763269931,0.2591245934456822,False
1998-08,235,7152,7182,1998-08-01,1998-08-31 23:59:59.999999999,reference,0.0,0.10975861118089067,0.8772964773475233,1.111198763269931,0.2591245934456822,False
1998-09,236,7183,7212,1998-09-01,1998-09-30 23:59:59.999999999,reference,0.0,0.1115729260139,0.6006528391704069,1.111198763269931,0.2591245934456822,False
1998-10,237,7213,7243,1998-10-01,1998-10-31 23:59:59.999999999,reference,0.0,0.10975861118089067,0.6476463388055818,1.111198763269931,0.2591245934456822,False
1998-11,238,7244,7273,1998-11-01,1998-11-30 23:59:59.999999999,reference,0.0,0.1115729260139,0.539065968168064,1.111198763269931,0.2591245934456822,False
1998-12,239,7274,7304,1998-12-01,1998-12-31 23:59:59.999999999,reference,0.0,0.10975861118089067,0.6663915942659446,1.111198763269931,0.2591245934456822,False
1999-01,240,7305,7335,1999-01-01,1999-01-31 23:59:59.999999999,reference,0.0,0.10975861118089067,0.8241104225800558,1.111198763269931,0.2591245934456822,False
1999-02,241,7336,7363,1999-02-01,1999-02-28 23:59:59.999999999,reference,0.0,0.1154889503958675,0.5996109615257799,1.111198763269931,0.2591245934456822,False
1999-03,242,7364,7394,1999-03-01,1999-03-31 23:59:59.999999999,reference,0.0,0.10975861118089067,0.6596543731103958,1.111198763269931,0.2591245934456822,False
1999-04,243,7395,7424,1999-04-01,1999-04-30 23:59:59.999999999,reference,0.0,0.1115729260139,0.6142551634259676,1.111198763269931,0.2591245934456822,False
1999-05,244,7425,7455,1999-05-01,1999-05-31 23:59:59.999999999,reference,0.0,0.10975861118089067,0.782379182187104,1.111198763269931,0.2591245934456822,False
1999-06,245,7456,7485,1999-06-01,1999-06-30 23:59:59.999999999,reference,0.0,0.1115729260139,0.8213426670741965,1.111198763269931,0.2591245934456822,False
1999-07,246,7486,7516,1999-07-01,1999-07-31 23:59:59.999999999,reference,0.0,0.10975861118089067,0.751540478427419,1.111198763269931,0.2591245934456822,False
1999-08,247,7517,7547,1999-08-01,1999-08-31 23:59:59.999999999,reference,0.0,0.10975861118089067,0.7425607198923373,1.111198763269931,0.2591245934456822,False
1999-09,248,7548,7577,1999-09-01,1999-09-30 23:59:59.999999999,reference,0.0,0.1115729260139,0.6269026790613026,1.111198763269931,0.2591245934456822,False
1999-10,249,7578,7608,1999-10-01,1999-10-31 23:59:59.999999999,reference,0.0,0.10975861118089067,0.5700313591260119,1.111198763269931,0.2591245934456822,False
1999-11,250,7609,7638,1999-11-01,1999-11-30 23:59:59.999999999,reference,0.0,0.1115729260139,0.6602677448946093,1.111198763269931,0.2591245934456822,False
1999-12,251,7639,7669,1999-12-01,1999-12-31 23:59:59.999999999,reference,0.0,0.10975861118089067,1.0347375852107081,1.111198763269931,0.2591245934456822,False
2000-01,252,7670,7700,2000-01-01,2000-01-31 23:59:59.999999999,reference,0.0,0.10975861118089067,0.6375076048260697,1.111198763269931,0.2591245934456822,False
2000-02,253,7701,7729,2000-02-01,2000-02-29 23:59:59.999999999,reference,0.0,0.11348029368331573,0.617662048945032,1.111198763269931,0.2591245934456822,False
2000-03,254,7730,7760,2000-03-01,2000-03-31 23:59:59.999999999,reference,0.0,0.10975861118089067,0.6364759144525365,1.111198763269931,0.2591245934456822,False
2000-04,255,7761,7790,2000-04-01,2000-04-30 23:59:59.999999999,reference,0.0,0.1115729260139,0.7157986937072652,1.111198763269931,0.2591245934456822,False
2000-05,256,7791,7821,2000-05-01,2000-05-31 23:59:59.999999999,reference,0.0,0.10975861118089067,0.6685651515937193,1.111198763269931,0.2591245934456822,False
2000-06,257,7822,7851,2000-06-01,2000-06-30 23:59:59.999999999,reference,0.0,0.1115729260139,0.6680376716788,1.111198763269931,0.2591245934456822,False
2000-07,258,7852,7882,2000-07-01,2000-07-31 23:59:59.999999999,reference,0.0,0.10975861118089067,0.7040223861693888,1.111198763269931,0.2591245934456822,False
2000-08,259,7883,7913,2000-08-01,2000-08-31 23:59:59.999999999,reference,0.0,0.10975861118089067,0.6224384845740918,1.111198763269931,0.2591245934456822,False
2000-09,260,7914,7943,2000-09-01,2000-09-30 23:59:59.999999999,reference,0.0,0.1115729260139,0.7071885077818374,1.111198763269931,0.2591245934456822,False
2000-10,261,7944,7974,2000-10-01,2000-10-31 23:59:59.999999999,reference,0.0,0.10975861118089067,0.648912195937605,1.111198763269931,0.2591245934456822,False
2000-11,262,7975,8004,2000-11-01,2000-11-30 23:59:59.999999999,reference,0.0,0.1115729260139,0.6436512228871184,1.111198763269931,0.2591245934456822,False
2000-12,263,8005,8035,2000-12-01,2000-12-31 23:59:59.999999999,reference,0.0,0.10975861118089067,0.7282255058385282,1.111198763269931,0.2591245934456822,False
2001-01,264,8036,8066,2001-01-01,2001-01-31 23:59:59.999999999,reference,0.0,0.10975861118089067,0.655804881446501,1.111198763269931,0.2591245934456822,False
2001-02,265,8067,8094,2001-02-01,2001-02-28 23:59:59.999999999,reference,0.0,0.1154889503958675,0.6957101028674171,1.111198763269931,0.2591245934456822,False
2001-03,266,8095,8125,2001-03-01,2001-03-31 23:59:59.999999999,reference,0.0,0.10975861118089067,0.6824333642852953,1.111198763269931,0.2591245934456822,False
2001-04,267,8126,8155,2001-04-01,2001-04-30 23:59:59.999999999,reference,0.0,0.1115729260139,0.7600057593949566,1.111198763269931,0.2591245934456822,False
2001-05,268,8156,8186,2001-05-01,2001-05-31 23:59:59.999999999,reference,0.0,0.10975861118089067,0.68208433890851,1.111198763269931,0.2591245934456822,False
2001-06,269,8187,8216,2001-06-01,2001-06-30 23:59:59.999999999,reference,0.0,0.1115729260139,0.9297460580726522,1.111198763269931,0.2591245934456822,False
2001-07,270,8217,8247,2001-07-01,2001-07-31 23:59:59.999999999,reference,0.0,0.10975861118089067,0.5784103806991148,1.111198763269931,0.2591245934456822,False
2001-08,271,8248,8278,2001-08-01,2001-08-31 23:59:59.999999999,reference,0.0,0.10975861118089067,0.7681678202781647,1.111198763269931,0.2591245934456822,False
2001-09,272,8279,8308,2001-09-01,2001-09-30 23:59:59.999999999,reference,0.0,0.1115729260139,0.6959561427972967,1.111198763269931,0.2591245934456822,False
2001-10,273,8309,8339,2001-10-01,2001-10-31 23:59:59.999999999,reference,0.0,0.10975861118089067,0.5197971422516832,1.111198763269931,0.2591245934456822,False
2001-11,274,8340,8369,2001-11-01,2001-11-30 23:59:59.999999999,reference,0.0,0.1115729260139,0.7745701830086665,1.111198763269931,0.2591245934456822,False
2001-12,275,8370,8400,2001-12-01,2001-12-31 23:59:59.999999999,reference,0.0,0.10975861118089067,1.014199690513912,1.111198763269931,0.2591245934456822,False
2002-01,276,8401,8431,2002-01-01,2002-01-31 23:59:59.999999999,reference,0.0,0.10975861118089067,0.5984641553622665,1.111198763269931,0.2591245934456822,False
2002-02,277,8432,8459,2002-02-01,2002-02-28 23:59:59.999999999,reference,0.0,0.1154889503958675,0.7837575692274544,1.111198763269931,0.2591245934456822,False
2002-03,278,8460,8490,2002-03-01,2002-03-31 23:59:59.999999999,reference,0.0,0.10975861118089067,0.9133686649329116,1.111198763269931,0.2591245934456822,False
2002-04,279,8491,8520,2002-04-01,2002-04-30 23:59:59.999999999,reference,0.0,0.1115729260139,0.6733624893627251,1.111198763269931,0.2591245934456822,False
2002-05,280,8521,8551,2002-05-01,2002-05-31 23:59:59.999999999,reference,0.0,0.10975861118089067,0.8394998403510058,1.111198763269931,0.2591245934456822,False
2002-06,281,8552,8581,2002-06-01,2002-06-30 23:59:59.999999999,reference,0.0,0.1115729260139,0.7824041788321858,1.111198763269931,0.2591245934456822,False
2002-07,282,8582,8612,2002-07-01,2002-07-31 23:59:59.999999999,reference,0.0,0.10975861118089067,0.5772555762171995,1.111198763269931,0.2591245934456822,False
2002-08,283,8613,8643,2002-08-01,2002-08-31 23:59:59.999999999,reference,0.0,0.10975861118089067,0.6558902301604331,1.111198763269931,0.2591245934456822,False
2002-09,284,8644,8673,2002-09-01,2002-09-30 23:59:59.999999999,reference,0.0,0.1115729260139,0.5852677426682565,1.111198763269931,0.2591245934456822,False
2002-10,285,8674,8704,2002-10-01,2002-10-31 23:59:59.999999999,reference,0.0,0.10975861118089067,0.6570772909690319,1.111198763269931,0.2591245934456822,False
2002-11,286,8705,8734,2002-11-01,2002-11-30 23:59:59.999999999,reference,0.0,0.1115729260139,0.6792996460324346,1.111198763269931,0.2591245934456822,False
2002-12,287,8735,8765,2002-12-01,2002-12-31 23:59:59.999999999,reference,0.0,0.10975861118089067,0.5518020776987,1.111198763269931,0.2591245934456822,False
2003-01,288,8766,8796,2003-01-01,2003-01-31 23:59:59.999999999,reference,0.0,0.10975861118089067,0.7276243959863071,1.111198763269931,0.2591245934456822,False
2003-02,289,8797,8824,2003-02-01,2003-02-28 23:59:59.999999999,reference,0.0,0.1154889503958675,0.8196270390737547,1.111198763269931,0.2591245934456822,False
2003-03,290,8825,8855,2003-03-01,2003-03-31 23:59:59.999999999,reference,0.0,0.10975861118089067,0.8644344455127502,1.111198763269931,0.2591245934456822,False
2003-04,291,8856,8885,2003-04-01,2003-04-30 23:59:59.999999999,reference,0.0,0.1115729260139,0.7163950614898327,1.111198763269931,0.2591245934456822,False
2003-05,292,8886,8916,2003-05-01,2003-05-31 23:59:59.999999999,reference,0.0,0.10975861118089067,0.6693216166007705,1.111198763269931,0.2591245934456822,False
2003-06,293,8917,8946,2003-06-01,2003-06-30 23:59:59.999999999,reference,0.0,0.1115729260139,0.6534770591280334,1.111198763269931,0.2591245934456822,False
2003-07,294,8947,8977,2003-07-01,2003-07-31 23:59:59.999999999,reference,0.0,0.10975861118089067,0.7272495524274081,1.111198763269931,0.2591245934456822,False
2003-08,295,8978,9008,2003-08-01,2003-08-31 23:59:59.999999999,reference,0.0,0.10975861118089067,0.5858474687817868,1.111198763269931,0.2591245934456822,False
2003-09,296,9009,9038,2003-09-01,2003-09-30 23:59:59.999999999,reference,0.0,0.1115729260139,0.9172692663517429,1.111198763269931,0.2591245934456822,False
2003-10,297,9039,9069,2003-10-01,2003-10-31 23:59:59.999999999,reference,0.0,0.10975861118089067,0.7972937240467408,1.111198763269931,0.2591245934456822,False
2003-11,298,9070,9099,2003-11-01,2003-11-30 23:59:59.999999999,reference,0.0,0.1115729260139,0.7072001194648213,1.111198763269931,0.2591245934456822,False
2003-12,299,9100,9130,2003-12-01,2003-12-31 23:59:59.999999999,reference,0.0,0.10975861118089067,0.7312240949262504,1.111198763269931,0.2591245934456822,False
2004-01,300,9131,9161,2004-01-01,2004-01-31 23:59:59.999999999,reference,0.0,0.10975861118089067,0.6597862076164317,1.111198763269931,0.2591245934456822,False
2004-02,301,9162,9190,2004-02-01,2004-02-29 23:59:59.999999999,reference,0.0,0.11348029368331573,0.6843694225932414,1.111198763269931,0.2591245934456822,False
2004-03,302,9191,9221,2004-03-01,2004-03-31 23:59:59.999999999,reference,0.0,0.10975861118089067,0.6642854294665288,1.111198763269931,0.2591245934456822,False
2004-04,303,9222,9251,2004-04-01,2004-04-30 23:59:59.999999999,reference,0.0,0.1115729260139,0.5414622670290015,1.111198763269931,0.2591245934456822,False
2004-05,304,9252,9282,2004-05-01,2004-05-31 23:59:59.999999999,reference,0.0,0.10975861118089067,0.792019637882212,1.111198763269931,0.2591245934456822,False
2004-06,305,9283,9312,2004-06-01,2004-06-30 23:59:59.999999999,reference,0.0,0.1115729260139,0.7155684432955347,1.111198763269931,0.2591245934456822,False
2004-07,306,9313,9343,2004-07-01,2004-07-31 23:59:59.999999999,reference,0.0,0.10975861118089067,0.7314546948707211,1.111198763269931,0.2591245934456822,False
2004-08,307,9344,9374,2004-08-01,2004-08-31 23:59:59.999999999,reference,0.0,0.10975861118089067,0.49485152042672653,1.111198763269931,0.2591245934456822,False
2004-09,308,9375,9404,2004-09-01,2004-09-30 23:59:59.999999999,reference,0.0,0.1115729260139,0.5034494720327779,1.111198763269931,0.2591245934456822,False
2004-10,309,9405,9435,2004-10-01,2004-10-31 23:59:59.999999999,reference,0.0,0.10975861118089067,0.548138406147581,1.111198763269931,0.2591245934456822,False
2004-11,310,9436,9465,2004-11-01,2004-11-30 23:59:59.999999999,reference,0.0,0.1115729260139,0.706541515367303,1.111198763269931,0.2591245934456822,False
2004-12,311,9466,9496,2004-12-01,2004-12-31 23:59:59.999999999,reference,0.0,0.10975861118089067,0.6796295491143234,1.111198763269931,0.2591245934456822,False
2005-01,312,9497,9527,2005-01-01,2005-01-31 23:59:59.999999999,reference,0.0,0.10975861118089067,0.35629814224304324,1.111198763269931,0.2591245934456822,False
2005-02,313,9528,9555,2005-02-01,2005-02-28 23:59:59.999999999,reference,0.0,0.1154889503958675,0.37939222454744126,1.111198763269931,0.2591245934456822,False
2005-03,314,9556,9586,2005-03-01,2005-03-31 23:59:59.999999999,reference,0.0,0.10975861118089067,0.5474511315847937,1.111198763269931,0.2591245934456822,False
2005-04,315,9587,9616,2005-04-01,2005-04-30 23:59:59.999999999,reference,0.0,0.1115729260139,0.29720882566033885,1.111198763269931,0.2591245934456822,False
2005-05,316,9617,9647,2005-05-01,2005-05-31 23:59:59.999999999,reference,0.0,0.10975861118089067,0.8816024557716992,1.111198763269931,0.2591245934456822,False
2005-06,317,9648,9677,2005-06-01,2005-06-30 23:59:59.999999999,reference,0.0,0.1115729260139,0.4944365447344397,1.111198763269931,0.2591245934456822,False
2005-07,318,9678,9708,2005-07-01,2005-07-31 23:59:59.999999999,reference,0.0,0.10975861118089067,0.4444060834622959,1.111198763269931,0.2591245934456822,False
2005-08,319,9709,9739,2005-08-01,2005-08-31 23:59:59.999999999,reference,0.0,0.10975861118089067,0.3512043237727346,1.111198763269931,0.2591245934456822,False
2005-09,320,9740,9769,2005-09-01,2005-09-30 23:59:59.999999999,reference,0.03333333333333333,0.11348029368331573,0.47332375479077343,1.111198763269931,0.2591245934456822,False
2005-10,321,9770,9800,2005-10-01,2005-10-31 23:59:59.999999999,reference,0.03225806451612903,0.1115729260139,0.44290188356695936,1.111198763269931,0.2591245934456822,False
2005-11,322,9801,9830,2005-11-01,2005-11-30 23:59:59.999999999,reference,0.0,0.1115729260139,0.48738544930084926,1.111198763269931,0.2591245934456822,False
2005-12,323,9831,9861,2005-12-01,2005-12-31 23:59:59.999999999,reference,0.03225806451612903,0.1115729260139,0.33402096889192046,1.111198763269931,0.2591245934456822,False
2006-01,324,9862,9892,2006-01-01,2006-01-31 23:59:59.999999999,reference,0.03225806451612903,0.1115729260139,0.3326583975535487,1.111198763269931,0.2591245934456822,False
2006-02,325,9893,9920,2006-02-01,2006-02-28 23:59:59.999999999,reference,0.03571428571428571,0.11760819047112513,0.32032553701736344,1.111198763269931,0.2591245934456822,False
2006-03,326,9921,9951,2006-03-01,2006-03-31 23:59:59.999999999,reference,0.03225806451612903,0.1115729260139,0.40848108096042113,1.111198763269931,0.2591245934456822,False
2006-04,327,9952,9981,2006-04-01,2006-04-30 23:59:59.999999999,reference,0.0,0.1115729260139,0.38333620759002973,1.111198763269931,0.2591245934456822,False
2006-05,328,9982,10012,2006-05-01,2006-05-31 23:59:59.999999999,reference,0.03225806451612903,0.1115729260139,0.5016177399801232,1.111198763269931,0.2591245934456822,False
2006-06,329,10013,10042,2006-06-01,2006-06-30 23:59:59.999999999,reference,0.0,0.1115729260139,0.5815430607887081,1.111198763269931,0.2591245934456822,False
2006-07,330,10043,10073,2006-07-01,2006-07-31 23:59:59.999999999,reference,0.0,0.10975861118089067,0.5737363433682352,1.111198763269931,0.2591245934456822,False
2006-08,331,10074,10104,2006-08-01,2006-08-31 23:59:59.999999999,reference,0.0,0.10975861118089067,0.48846282717834577,1.111198763269931,0.2591245934456822,False
2006-09,332,10105,10134,2006-09-01,2006-09-30 23:59:59.999999999,reference,0.03333333333333333,0.11348029368331573,0.5263623543907637,1.111198763269931,0.2591245934456822,False
2006-10,333,10135,10165,2006-10-01,2006-10-31 23:59:59.999999999,reference,0.0,0.10975861118089067,0.4979583482712669,1.111198763269931,0.2591245934456822,False
2006-11,334,10166,10195,2006-11-01,2006-11-30 23:59:59.999999999,reference,0.03333333333333333,0.11348029368331573,0.49039685564314633,1.111198763269931,0.2591245934456822,False
2006-12,335,10196,10226,2006-12-01,2006-12-31 23:59:59.999999999,reference,0.06451612903225806,0.11348029368331573,0.4186346367560569,1.111198763269931,0.2591245934456822,False
2007-01,336,10227,10257,2007-01-01,2007-01-31 23:59:59.999999999,reference,0.0,0.10975861118089067,0.4043058047072352,1.111198763269931,0.2591245934456822,False
2007-02,337,10258,10285,2007-02-01,2007-02-28 23:59:59.999999999,reference,0.03571428571428571,0.11760819047112513,0.369409063967449,1.111198763269931,0.2591245934456822,False
2007-03,338,10286,10316,2007-03-01,2007-03-31 23:59:59.999999999,reference,0.06451612903225806,0.11348029368331573,0.4696164558108649,1.111198763269931,0.2591245934456822,False
2007-04,339,10317,10346,2007-04-01,2007-04-30 23:59:59.999999999,reference,0.0,0.1115729260139,0.5191930600937149,1.111198763269931,0.2591245934456822,False
2007-05,340,10347,10377,2007-05-01,2007-05-31 23:59:59.999999999,reference,0.03225806451612903,0.1115729260139,0.6177535382319413,1.111198763269931,0.2591245934456822,False
2007-06,341,10378,10407,2007-06-01,2007-06-30 23:59:59.999999999,reference,0.0,0.1115729260139,0.6008861018717571,1.111198763269931,0.2591245934456822,False
2007-07,342,10408,10438,2007-07-01,2007-07-31 23:59:59.999999999,reference,0.0,0.10975861118089067,0.5153129004888194,1.111198763269931,0.2591245934456822,False
2007-08,343,10439,10469,2007-08-01,2007-08-31 23:59:59.999999999,reference,0.0,0.10975861118089067,0.4004359278981525,1.111198763269931,0.2591245934456822,False
2007-09,344,10470,10499,2007-09-01,2007-09-30 23:59:59.999999999,reference,0.03333333333333333,0.11348029368331573,0.4333273260708457,1.111198763269931,0.2591245934456822,False
2007-10,345,10500,10530,2007-10-01,2007-10-31 23:59:59.999999999,reference,0.06451612903225806,0.11348029368331573,0.3965198888960992,1.111198763269931,0.2591245934456822,False
2007-11,346,10531,10560,2007-11-01,2007-11-30 23:59:59.999999999,reference,0.0,0.1115729260139,0.4191562896626716,1.111198763269931,0.2591245934456822,False
2007-12,347,10561,10591,2007-12-01,2007-12-31 23:59:59.999999999,reference,0.0,0.10975861118089067,0.40491295066844213,1.111198763269931,0.2591245934456822,False
2008-01,348,10592,10622,2008-01-01,2008-01-31 23:59:59.999999999,reference,0.03225806451612903,0.1115729260139,0.40351874368087265,1.111198763269931,0.2591245934456822,False
2008-02,349,10623,10651,2008-02-01,2008-02-29 23:59:59.999999999,reference,0.0,0.11348029368331573,0.4508377552397454,1.111198763269931,0.2591245934456822,False
2008-03,350,10652,10682,2008-03-01,2008-03-31 23:59:59.999999999,reference,0.03225806451612903,0.1115729260139,0.4148019360553377,1.111198763269931,0.2591245934456822,False
2008-04,351,10683,10712,2008-04-01,2008-04-30 23:59:59.999999999,reference,0.03333333333333333,0.11348029368331573,0.433574369153623,1.111198763269931,0.2591245934456822,False
2008-05,352,10713,10743,2008-05-01,2008-05-31 23:59:59.999999999,reference,0.03225806451612903,0.1115729260139,0.4809189908115708,1.111198763269931,0.2591245934456822,False
2008-06,353,10744,10773,2008-06-01,2008-06-30 23:59:59.999999999,reference,0.03333333333333333,0.11348029368331573,0.5377326482516289,1.111198763269931,0.2591245934456822,False
2008-07,354,10774,10804,2008-07-01,2008-07-31 23:59:59.999999999,reference,0.0,0.10975861118089067,0.5524666435024885,1.111198763269931,0.2591245934456822,False
2008-08,355,10805,10835,2008-08-01,2008-08-31 23:59:59.999999999,reference,0.06451612903225806,0.11348029368331573,0.4768143809743322,1.111198763269931,0.2591245934456822,False
2008-09,356,10836,10865,2008-09-01,2008-09-30 23:59:59.999999999,reference,0.0,0.1115729260139,0.35627149417851905,1.111198763269931,0.2591245934456822,False
2008-10,357,10866,10896,2008-10-01,2008-10-31 23:59:59.999999999,reference,0.0,0.10975861118089067,0.49595253991938837,1.111198763269931,0.2591245934456822,False
2008-11,358,10897,10926,2008-11-01,2008-11-30 23:59:59.999999999,reference,0.03333333333333333,0.11348029368331573,0.3108395151689601,1.111198763269931,0.2591245934456822,False
2008-12,359,10927,10957,2008-12-01,2008-12-31 23:59:59.999999999,reference,0.0,0.10975861118089067,0.3465962447162944,1.111198763269931,0.2591245934456822,False
2009-01,360,10958,10988,2009-01-01,2009-01-31 23:59:59.999999999,reference,0.0,0.10975861118089067,0.4355983781879312,1.111198763269931,0.2591245934456822,False
2009-02,361,10989,11016,2009-02-01,2009-02-28 23:59:59.999999999,reference,0.03571428571428571,0.11760819047112513,0.32695799244996254,1.111198763269931,0.2591245934456822,False
2009-03,362,11017,11047,2009-03-01,2009-03-31 23:59:59.999999999,reference,0.0,0.10975861118089067,0.40510770381532674,1.111198763269931,0.2591245934456822,False
2009-04,363,11048,11077,2009-04-01,2009-04-30 23:59:59.999999999,reference,0.03333333333333333,0.11348029368331573,0.44991399791809533,1.111198763269931,0.2591245934456822,False
2009-05,364,11078,11108,2009-05-01,2009-05-31 23:59:59.999999999,reference,0.03225806451612903,0.1115729260139,0.5541870178976813,1.111198763269931,0.2591245934456822,False
2009-06,365,11109,11138,2009-06-01,2009-06-30 23:59:59.999999999,reference,0.0,0.1115729260139,0.5046664861697875,1.111198763269931,0.2591245934456822,False
2009-07,366,11139,11169,2009-07-01,2009-07-31 23:59:59.999999999,reference,0.0,0.10975861118089067,0.6351512534516599,1.111198763269931,0.2591245934456822,False
2009-08,367,11170,11200,2009-08-01,2009-08-31 23:59:59.999999999,reference,0.0,0.10975861118089067,0.5649810898600581,1.111198763269931,0.2591245934456822,False
2009-09,368,11201,11230,2009-09-01,2009-09-30 23:59:59.999999999,reference,0.0,0.1115729260139,0.5709160240365145,1.111198763269931,0.2591245934456822,False
2009-10,369,11231,11261,2009-10-01,2009-10-31 23:59:59.999999999,reference,0.0,0.10975861118089067,0.5940505540998275,1.111198763269931,0.2591245934456822,False
2009-11,370,11262,11291,2009-11-01,2009-11-30 23:59:59.999999999,reference,0.0,0.1115729260139,0.785834780990806,1.111198763269931,0.2591245934456822,False
2009-12,371,11292,11322,2009-12-01,2009-12-31 23:59:59.999999999,reference,0.0,0.10975861118089067,0.572295463969671,1.111198763269931,0.2591245934456822,False
2010-01,372,11323,11353,2010-01-01,2010-01-31 23:59:59.999999999,reference,0.0,0.10975861118089067,0.6386952029082315,1.111198763269931,0.2591245934456822,False
2010-02,373,11354,11381,2010-02-01,2010-02-28 23:59:59.999999999,reference,0.0,0.1154889503958675,0.9023510274910779,1.111198763269931,0.2591245934456822,False
2010-03,374,11382,11412,2010-03-01,2010-03-31 23:59:59.999999999,reference,0.0,0.10975861118089067,0.7258996705640447,1.111198763269931,0.2591245934456822,False
2010-04,375,11413,11442,2010-04-01,2010-04-30 23:59:59.999999999,reference,0.0,0.1115729260139,0.8150287066344016,1.111198763269931,0.2591245934456822,False
2010-05,376,11443,11473,2010-05-01,2010-05-31 23:59:59.999999999,reference,0.0,0.10975861118089067,0.5873524141075603,1.111198763269931,0.2591245934456822,False
2010-06,377,11474,11503,2010-06-01,2010-06-30 23:59:59.999999999,reference,0.0,0.1115729260139,0.6443360717620795,1.111198763269931,0.2591245934456822,False
2010-07,378,11504,11534,2010-07-01,2010-07-31 23:59:59.999999999,reference,0.0,0.10975861118089067,0.6812631871695805,1.111198763269931,0.2591245934456822,False
2010-08,379,11535,11565,2010-08-01,2010-08-31 23:59:59.999999999,reference,0.0,0.10975861118089067,0.6873738636918398,1.111198763269931,0.2591245934456822,False
2010-09,380,11566,11595,2010-09-01,2010-09-30 23:59:59.999999999,reference,0.0,0.1115729260139,0.5747997788035103,1.111198763269931,0.2591245934456822,False
2010-10,381,11596,11626,2010-10-01,2010-10-31 23:59:59.999999999,reference,0.0,0.10975861118089067,0.5493263989680863,1.111198763269931,0.2591245934456822,False
2010-11,382,11627,11656,2010-11-01,2010-11-30 23:59:59.999999999,reference,0.0,0.1115729260139,0.5945288671284529,1.111198763269931,0.2591245934456822,False
2010-12,383,11657,11687,2010-12-01,2010-12-31 23:59:59.999999999,reference,0.0,0.10975861118089067,0.583770704504233,1.111198763269931,0.2591245934456822,False
2011-01,384,11688,11718,2011-01-01,2011-01-31 23:59:59.999999999,reference,0.0,0.10975861118089067,0.7218709541254305,1.111198763269931,0.2591245934456822,False
2011-02,385,11719,11746,2011-02-01,2011-02-28 23:59:59.999999999,reference,0.0,0.1154889503958675,0.6152191239516446,1.111198763269931,0.2591245934456822,False
2011-03,386,11747,11777,2011-03-01,2011-03-31 23:59:59.999999999,reference,0.0,0.10975861118089067,0.7817276844777223,1.111198763269931,0.2591245934456822,False
2011-04,387,11778,11807,2011-04-01,2011-04-30 23:59:59.999999999,reference,0.0,0.1115729260139,0.7902049690880267,1.111198763269931,0.2591245934456822,False
2011-05,388,11808,11838,2011-05-01,2011-05-31 23:59:59.999999999,reference,0.0,0.10975861118089067,0.7065272593893506,1.111198763269931,0.2591245934456822,False
2011-06,389,11839,11868,2011-06-01,2011-06-30 23:59:59.999999999,reference,0.0,0.1115729260139,0.6054683654038514,1.111198763269931,0.2591245934456822,False
2011-07,390,11869,11899,2011-07-01,2011-07-31 23:59:59.999999999,reference,0.0,0.10975861118089067,0.6182834106155705,1.111198763269931,0.2591245934456822,False
2011-08,391,11900,11930,2011-08-01,2011-08-31 23:59:59.999999999,reference,0.0,0.10975861118089067,0.6933697911785758,1.111198763269931,0.2591245934456822,False
2011-09,392,11931,11960,2011-09-01,2011-09-30 23:59:59.999999999,reference,0.0,0.1115729260139,0.6463913778345595,1.111198763269931,0.2591245934456822,False
2011-10,393,11961,11991,2011-10-01,2011-10-31 23:59:59.999999999,reference,0.0,0.10975861118089067,0.6974311908147572,1.111198763269931,0.2591245934456822,False
2011-11,394,11992,12021,2011-11-01,2011-11-30 23:59:59.999999999,reference,0.0,0.1115729260139,0.7632948620835164,1.111198763269931,0.2591245934456822,False
2011-12,395,12022,12052,2011-12-01,2011-12-31 23:59:59.999999999,reference,0.0,0.10975861118089067,0.6285146635470674,1.111198763269931,0.2591245934456822,False
2012-01,396,12053,12083,2012-01-01,2012-01-31 23:59:59.999999999,reference,0.0,0.10975861118089067,0.6576356153466986,1.111198763269931,0.2591245934456822,False
2012-02,397,12084,12112,2012-02-01,2012-02-29 23:59:59.999999999,reference,0.0,0.11348029368331573,0.556678703442621,1.111198763269931,0.2591245934456822,False
2012-03,398,12113,12143,2012-03-01,2012-03-31 23:59:59.999999999,reference,0.0,0.10975861118089067,0.9436908912506554,1.111198763269931,0.2591245934456822,False
2012-04,399,12144,12173,2012-04-01,2012-04-30 23:59:59.999999999,reference,0.0,0.1115729260139,0.7440177197639765,1.111198763269931,0.2591245934456822,False
2012-05,400,12174,12204,2012-05-01,2012-05-31 23:59:59.999999999,reference,0.0,0.10975861118089067,0.5791121790490849,1.111198763269931,0.2591245934456822,False
2012-06,401,12205,12234,2012-06-01,2012-06-30 23:59:59.999999999,reference,0.0,0.1115729260139,0.4773189006130143,1.111198763269931,0.2591245934456822,False
2012-07,402,12235,12265,2012-07-01,2012-07-31 23:59:59.999999999,reference,0.0,0.10975861118089067,0.6835857815181006,1.111198763269931,0.2591245934456822,False
2012-08,403,12266,12296,2012-08-01,2012-08-31 23:59:59.999999999,reference,0.0,0.10975861118089067,0.6303752903120926,1.111198763269931,0.2591245934456822,False
2012-09,404,12297,12326,2012-09-01,2012-09-30 23:59:59.999999999,reference,0.0,0.1115729260139,0.7722605844278279,1.111198763269931,0.2591245934456822,False
2012-10,405,12327,12357,2012-10-01,2012-10-31 23:59:59.999999999,reference,0.0,0.10975861118089067,0.5324254781958822,1.111198763269931,0.2591245934456822,False
2012-11,406,12358,12387,2012-11-01,2012-11-30 23:59:59.999999999,reference,0.0,0.1115729260139,0.5396339414688998,1.111198763269931,0.2591245934456822,False
2012-12,407,12388,12418,2012-12-01,2012-12-31 23:59:59.999999999,reference,0.0,0.10975861118089067,0.7125492723475495,1.111198763269931,0.2591245934456822,False
2013-01,408,12419,12449,2013-01-01,2013-01-31 23:59:59.999999999,reference,0.0,0.10975861118089067,0.7556616530086238,1.111198763269931,0.2591245934456822,False
2013-02,409,12450,12477,2013-02-01,2013-02-28 23:59:59.999999999,reference,0.0,0.1154889503958675,0.8050513154207974,1.111198763269931,0.2591245934456822,False
2013-03,410,12478,12508,2013-03-01,2013-03-31 23:59:59.999999999,reference,0.0,0.10975861118089067,0.740361107421384,1.111198763269931,0.2591245934456822,False
2013-04,411,12509,12538,2013-04-01,2013-04-30 23:59:59.999999999,reference,0.0,0.1115729260139,0.7059652962058692,1.111198763269931,0.2591245934456822,False
2013-05,412,12539,12569,2013-05-01,2013-05-31 23:59:59.999999999,reference,0.0,0.10975861118089067,0.9343600576139748,1.111198763269931,0.2591245934456822,False
2013-06,413,12570,12599,2013-06-01,2013-06-30 23:59:59.999999999,reference,0.0,0.1115729260139,0.8521538275926622,1.111198763269931,0.2591245934456822,False
2013-07,414,12600,12630,2013-07-01,2013-07-31 23:59:59.999999999,reference,0.0,0.10975861118089067,0.6330049917018925,1.111198763269931,0.2591245934456822,False
2013-08,415,12631,12661,2013-08-01,2013-08-31 23:59:59.999999999,reference,0.0,0.10975861118089067,0.6574083106081341,1.111198763269931,0.2591245934456822,False
2013-09,416,12662,12691,2013-09-01,2013-09-30 23:59:59.999999999,reference,0.0,0.1115729260139,0.6370594446233923,1.111198763269931,0.2591245934456822,False
2013-10,417,12692,12722,2013-10-01,2013-10-31 23:59:59.999999999,reference,0.0,0.10975861118089067,0.4319116115544686,1.111198763269931,0.2591245934456822,False
2013-11,418,12723,12752,2013-11-01,2013-11-30 23:59:59.999999999,reference,0.0,0.1115729260139,0.6107356797964045,1.111198763269931,0.2591245934456822,False
2013-12,419,12753,12783,2013-12-01,2013-12-31 23:59:59.999999999,reference,0.0,0.10975861118089067,0.8498719439892122,1.111198763269931,0.2591245934456822,False
2014-01,420,12784,12814,2014-01-01,2014-01-31 23:59:59.999999999,reference,0.0,0.10975861118089067,0.6799285532145612,1.111198763269931,0.2591245934456822,False
2014-02,421,12815,12842,2014-02-01,2014-02-28 23:59:59.999999999,reference,0.0,0.1154889503958675,0.5002240181671662,1.111198763269931,0.2591245934456822,False
2014-03,422,12843,12873,2014-03-01,2014-03-31 23:59:59.999999999,reference,0.0,0.10975861118089067,0.8259140914645906,1.111198763269931,0.2591245934456822,False
2014-04,423,12874,12903,2014-04-01,2014-04-30 23:59:59.999999999,reference,0.0,0.1115729260139,0.6606770387248934,1.111198763269931,0.2591245934456822,False
2014-05,424,12904,12934,2014-05-01,2014-05-31 23:59:59.999999999,reference,0.0,0.10975861118089067,0.5294661894863482,1.111198763269931,0.2591245934456822,False
2014-06,425,12935,12964,2014-06-01,2014-06-30 23:59:59.999999999,reference,0.0,0.1115729260139,0.681352459658199,1.111198763269931,0.2591245934456822,False
2014-07,426,12965,12995,2014-07-01,2014-07-31 23:59:59.999999999,reference,0.0,0.10975861118089067,0.534892484739147,1.111198763269931,0.2591245934456822,False
2014-08,427,12996,13026,2014-08-01,2014-08-31 23:59:59.999999999,reference,0.0,0.10975861118089067,0.41283307972321803,1.111198763269931,0.2591245934456822,False
2014-09,428,13027,13056,2014-09-01,2014-09-30 23:59:59.999999999,reference,0.0,0.1115729260139,0.5574091811660857,1.111198763269931,0.2591245934456822,False
2014-10,429,13057,13087,2014-10-01,2014-10-31 23:59:59.999999999,reference,0.0,0.10975861118089067,0.5715644262827411,1.111198763269931,0.2591245934456822,False
2014-11,430,13088,13117,2014-11-01,2014-11-30 23:59:59.999999999,reference,0.0,0.1115729260139,0.7924744930767171,1.111198763269931,0.2591245934456822,False
2014-12,431,13118,13148,2014-12-01,2014-12-31 23:59:59.999999999,reference,0.0,0.10975861118089067,0.9011266700946853,1.111198763269931,0.2591245934456822,False
2015-01,432,13149,13179,2015-01-01,2015-01-31 23:59:59.999999999,reference,0.0,0.10975861118089067,0.7990327851125776,1.111198763269931,0.2591245934456822,False
2015-02,433,13180,13207,2015-02-01,2015-02-28 23:59:59.999999999,reference,0.0,0.1154889503958675,0.5877794565578154,1.111198763269931,0.2591245934456822,False
2015-03,434,13208,13238,2015-03-01,2015-03-31 23:59:59.999999999,reference,0.0,0.10975861118089067,0.7246369333497388,1.111198763269931,0.2591245934456822,False
2015-04,435,13239,13268,2015-04-01,2015-04-30 23:59:59.999999999,reference,0.0,0.1115729260139,0.884743588761062,1.111198763269931,0.2591245934456822,False
2015-05,436,13269,13299,2015-05-01,2015-05-31 23:59:59.999999999,reference,0.0,0.10975861118089067,0.8442846151251789,1.111198763269931,0.2591245934456822,False
2015-06,437,13300,13329,2015-06-01,2015-06-30 23:59:59.999999999,reference,0.0,0.1115729260139,0.8615939725828077,1.111198763269931,0.2591245934456822,False
2015-07,438,13330,13360,2015-07-01,2015-07-31 23:59:59.999999999,reference,0.0,0.10975861118089067,0.6707522042830539,1.111198763269931,0.2591245934456822,False
2015-08,439,13361,13391,2015-08-01,2015-08-31 23:59:59.999999999,reference,0.0,0.10975861118089067,0.6619677103163869,1.111198763269931,0.2591245934456822,False
2015-09,440,13392,13421,2015-09-01,2015-09-30 23:59:59.999999999,reference,0.0,0.1115729260139,0.6690478463663794,1.111198763269931,0.2591245934456822,False
2015-10,441,13422,13452,2015-10-01,2015-10-31 23:59:59.999999999,reference,0.0,0.10975861118089067,0.5302303160252217,1.111198763269931,0.2591245934456822,False
2015-11,442,13453,13482,2015-11-01,2015-11-30 23:59:59.999999999,reference,0.0,0.1115729260139,0.720988599977659,1.111198763269931,0.2591245934456822,False
2015-12,443,13483,13513,2015-12-01,2015-12-31 23:59:59.999999999,reference,0.0,0.10975861118089067,0.5609589998948236,1.111198763269931,0.2591245934456822,False
2016-01,444,13514,13544,2016-01-01,2016-01-31 23:59:59.999999999,reference,0.0,0.10975861118089067,0.7333217547809063,1.111198763269931,0.2591245934456822,False
2016-02,445,13545,13573,2016-02-01,2016-02-29 23:59:59.999999999,reference,0.0,0.11348029368331573,0.7734974876475896,1.111198763269931,0.2591245934456822,False
2016-03,446,13574,13604,2016-03-01,2016-03-31 23:59:59.999999999,reference,0.0,0.10975861118089067,0.6945822045655862,1.111198763269931,0.2591245934456822,False
2016-04,447,13605,13634,2016-04-01,2016-04-30 23:59:59.999999999,reference,0.0,0.1115729260139,0.6594570005921642,1.111198763269931,0.2591245934456822,False
2016-05,448,13635,13665,2016-05-01,2016-05-31 23:59:59.999999999,reference,0.0,0.10975861118089067,0.6776888462175802,1.111198763269931,0.2591245934456822,False
2016-06,449,13666,13695,2016-06-01,2016-06-30 23:59:59.999999999,reference,0.0,0.1115729260139,0.521503836394598,1.111198763269931,0.2591245934456822,False
2016-07,450,13696,13726,2016-07-01,2016-07-31 23:59:59.999999999,reference,0.0,0.10975861118089067,0.49332956558675356,1.111198763269931,0.2591245934456822,False
2016-08,451,13727,13757,2016-08-01,2016-08-31 23:59:59.999999999,reference,0.0,0.10975861118089067,0.7912618382485443,1.111198763269931,0.2591245934456822,False
2016-09,452,13758,13787,2016-09-01,2016-09-30 23:59:59.999999999,reference,0.0,0.1115729260139,0.7384664335380993,1.111198763269931,0.2591245934456822,False
2016-10,453,13788,13818,2016-10-01,2016-10-31 23:59:59.999999999,reference,0.0,0.10975861118089067,0.6729938425964507,1.111198763269931,0.2591245934456822,False
2016-11,454,13819,13848,2016-11-01,2016-11-30 23:59:59.999999999,reference,0.0,0.1115729260139,0.5725248359649738,1.111198763269931,0.2591245934456822,False
2016-12,455,13849,13879,2016-12-01,2016-12-31 23:59:59.999999999,reference,0.0,0.10975861118089067,0.602177349122218,1.111198763269931,0.2591245934456822,False
2017-01,456,13880,13910,2017-01-01,2017-01-31 23:59:59.999999999,reference,0.0,0.10975861118089067,0.9487287303841775,1.111198763269931,0.2591245934456822,False
2017-02,457,13911,13938,2017-02-01,2017-02-28 23:59:59.999999999,reference,0.0,0.1154889503958675,0.857960575010974,1.111198763269931,0.2591245934456822,False
2017-03,458,13939,13969,2017-03-01,2017-03-31 23:59:59.999999999,reference,0.0,0.10975861118089067,0.7656600681118969,1.111198763269931,0.2591245934456822,False
2017-04,459,13970,13999,2017-04-01,2017-04-30 23:59:59.999999999,reference,0.0,0.1115729260139,0.7440861265417875,1.111198763269931,0.2591245934456822,False
2017-05,460,14000,14030,2017-05-01,2017-05-31 23:59:59.999999999,reference,0.0,0.10975861118089067,0.8504656195580654,1.111198763269931,0.2591245934456822,False
2017-06,461,14031,14060,2017-06-01,2017-06-30 23:59:59.999999999,reference,0.0,0.1115729260139,1.054028974784792,1.111198763269931,0.2591245934456822,False
2017-07,462,14061,14091,2017-07-01,2017-07-31 23:59:59.999999999,reference,0.0,0.10975861118089067,0.5343174134740267,1.111198763269931,0.2591245934456822,False
2017-08,463,14092,14122,2017-08-01,2017-08-31 23:59:59.999999999,reference,0.0,0.10975861118089067,0.8115640858429533,1.111198763269931,0.2591245934456822,False
2017-09,464,14123,14152,2017-09-01,2017-09-30 23:59:59.999999999,reference,0.0,0.1115729260139,0.5695813068312818,1.111198763269931,0.2591245934456822,False
2017-10,465,14153,14183,2017-10-01,2017-10-31 23:59:59.999999999,reference,0.0,0.10975861118089067,0.75985813906288,1.111198763269931,0.2591245934456822,False
2017-11,466,14184,14213,2017-11-01,2017-11-30 23:59:59.999999999,reference,0.0,0.1115729260139,0.7769587365817497,1.111198763269931,0.2591245934456822,False
2017-12,467,14214,14244,2017-12-01,2017-12-31 23:59:59.999999999,reference,0.0,0.10975861118089067,0.8256682880310156,1.111198763269931,0.2591245934456822,False
2018-01,468,14245,14275,2018-01-01,2018-01-31 23:59:59.999999999,reference,0.0,0.10975861118089067,0.9001921629502088,1.111198763269931,0.2591245934456822,False
2018-02,469,14276,14303,2018-02-01,2018-02-28 23:59:59.999999999,reference,0.0,0.1154889503958675,0.5729314611772984,1.111198763269931,0.2591245934456822,False
2018-03,470,14304,14334,2018-03-01,2018-03-31 23:59:59.999999999,reference,0.0,0.10975861118089067,0.7395124089371597,1.111198763269931,0.2591245934456822,False
2018-04,471,14335,14364,2018-04-01,2018-04-30 23:59:59.999999999,reference,0.0,0.1115729260139,0.9635062152399941,1.111198763269931,0.2591245934456822,False
2018-05,472,14365,14395,2018-05-01,2018-05-31 23:59:59.999999999,reference,0.0,0.10975861118089067,0.5824475634721127,1.111198763269931,0.2591245934456822,False
2018-06,473,14396,14425,2018-06-01,2018-06-30 23:59:59.999999999,reference,0.0,0.1115729260139,0.8076759753615305,1.111198763269931,0.2591245934456822,False
2018-07,474,14426,14456,2018-07-01,2018-07-31 23:59:59.999999999,reference,0.0,0.10975861118089067,0.822229421765443,1.111198763269931,0.2591245934456822,False
2018-08,475,14457,14487,2018-08-01,2018-08-31 23:59:59.999999999,reference,0.0,0.10975861118089067,0.7042030676016037,1.111198763269931,0.2591245934456822,False
2018-09,476,14488,14517,2018-09-01,2018-09-30 23:59:59.999999999,reference,0.0,0.1115729260139,0.7041729091153558,1.111198763269931,0.2591245934456822,False
2018-10,477,14518,14548,2018-10-01,2018-10-31 23:59:59.999999999,reference,0.0,0.10975861118089067,0.7515285195448365,1.111198763269931,0.2591245934456822,False
2018-11,478,14549,14578,2018-11-01,2018-11-30 23:59:59.999999999,reference,0.0,0.1115729260139,0.654027085310442,1.111198763269931,0.2591245934456822,False
2018-12,479,14579,14609,2018-12-01,2018-12-31 23:59:59.999999999,reference,0.0,0.10975861118089067,0.5679487670202705,1.111198763269931,0.2591245934456822,False
2019-01,0,0,30,2019-01-01,2019-01-31 23:59:59.999999999,analysis,0.0,0.10975861118089067,0.8115567880018516,1.111198763269931,0.2591245934456822,False
2019-02,1,31,58,2019-02-01,2019-02-28 23:59:59.999999999,analysis,0.0,0.1154889503958675,1.205090801160351,1.111198763269931,0.2591245934456822,True
2019-03,2,59,89,2019-03-01,2019-03-31 23:59:59.999999999,analysis,0.0,0.10975861118089067,0.9721748099201077,1.111198763269931,0.2591245934456822,False
2019-04,3,90,119,2019-04-01,2019-04-30 23:59:59.999999999,analysis,0.0,0.1115729260139,0.8449479528340801,1.111198763269931,0.2591245934456822,False
2019-05,4,120,150,2019-05-01,2019-05-31 23:59:59.999999999,analysis,0.0,0.10975861118089067,0.8770040809328455,1.111198763269931,0.2591245934456822,False
2019-06,5,151,180,2019-06-01,2019-06-30 23:59:59.999999999,analysis,0.0,0.1115729260139,1.2499271577482465,1.111198763269931,0.2591245934456822,True
2019-07,6,181,211,2019-07-01,2019-07-31 23:59:59.999999999,analysis,0.0,0.10975861118089067,1.1366899908865087,1.111198763269931,0.2591245934456822,True
2019-08,7,212,242,2019-08-01,2019-08-31 23:59:59.999999999,analysis,0.0,0.10975861118089067,1.0131615180306683,1.111198763269931,0.2591245934456822,False
2019-09,8,243,272,2019-09-01,2019-09-30 23:59:59.999999999,analysis,0.0,0.1115729260139,0.9577931545440959,1.111198763269931,0.2591245934456822,False
2019-10,9,273,303,2019-10-01,2019-10-31 23:59:59.999999999,analysis,0.0,0.10975861118089067,0.7051529448362941,1.111198763269931,0.2591245934456822,False
2019-11,10,304,333,2019-11-01,2019-11-30 23:59:59.999999999,analysis,0.0,0.1115729260139,0.5766319080490384,1.111198763269931,0.2591245934456822,False
2019-12,11,334,364,2019-12-01,2019-12-31 23:59:59.999999999,analysis,0.0,0.10975861118089067,0.8185660024803214,1.111198763269931,0.2591245934456822,False
2020-01,12,365,395,2020-01-01,2020-01-31 23:59:59.999999999,analysis,0.0,0.10975861118089067,0.4908426213264975,1.111198763269931,0.2591245934456822,False
2020-02,13,396,424,2020-02-01,2020-02-29 23:59:59.999999999,analysis,0.034482758620689655,0.1154889503958675,0.5103742749507042,1.111198763269931,0.2591245934456822,False
2020-03,14,425,455,2020-03-01,2020-03-31 23:59:59.999999999,analysis,0.03225806451612903,0.1115729260139,0.5672124045166428,1.111198763269931,0.2591245934456822,False
2020-04,15,456,485,2020-04-01,2020-04-30 23:59:59.999999999,analysis,0.0,0.1115729260139,1.1791676390623798,1.111198763269931,0.2591245934456822,True
2020-05,16,486,516,2020-05-01,2020-05-31 23:59:59.999999999,analysis,0.03225806451612903,0.1115729260139,0.9558161731709129,1.111198763269931,0.2591245934456822,False
2020-06,17,517,546,2020-06-01,2020-06-30 23:59:59.999999999,analysis,0.03333333333333333,0.11348029368331573,0.9036137167465046,1.111198763269931,0.2591245934456822,False
2020-07,18,547,577,2020-07-01,2020-07-31 23:59:59.999999999,analysis,0.03225806451612903,0.1115729260139,0.9247192323334906,1.111198763269931,0.2591245934456822,False
2020-08,19,578,608,2020-08-01,2020-08-31 23:59:59.999999999,analysis,0.03225806451612903,0.1115729260139,1.097771314018708,1.111198763269931,0.2591245934456822,False
2020-09,20,609,638,2020-09-01,2020-09-30 23:59:59.999999999,analysis,0.0,0.1115729260139,0.7296331921476931,1.111198763269931,0.2591245934456822,False
2020-10,21,639,669,2020-10-01,2020-10-31 23:59:59.999999999,analysis,0.03225806451612903,0.1115729260139,0.4640377085312922,1.111198763269931,0.2591245934456822,False
2020-11,22,670,699,2020-11-01,2020-11-30 23:59:59.999999999,analysis,0.0,0.1115729260139,0.5687248607361147,1.111198763269931,0.2591245934456822,False
2020-12,23,700,730,2020-12-01,2020-12-31 23:59:59.999999999,analysis,0.0,0.10975861118089067,0.6214105221405102,1.111198763269931,0.2591245934456822,False
