date,cloud_cover,sunshine,global_radiation,max_temp,mean_temp,min_temp,precipitation,pressure,snow_depth
20190101,7.0,0.5,19.0,6.4,7.8,4.8,0.0,103570.0,0.0
20190102,7.0,0.0,13.0,5.5,5.0,3.7,0.0,104310.0,0.0
20190103,8.0,0.0,13.0,4.6,4.9,4.3,0.0,104320.0,0.0
20190104,5.0,4.7,43.0,6.4,3.0,1.4,0.0,104230.0,0.0
20190105,8.0,0.0,13.0,10.0,4.0,1.6,0.0,103920.0,0.0
20190106,8.0,0.2,16.0,11.1,7.1,4.2,0.0,103680.0,0.0
20190107,8.0,0.0,13.0,9.3,8.6,6.0,0.0,103230.0,0.0
20190108,1.0,5.1,46.0,5.9,7.7,6.1,0.0,102810.0,0.0
20190109,3.0,3.1,37.0,7.3,3.9,1.9,0.0,102970.0,0.0
20190110,7.0,0.0,14.0,9.1,3.8,0.2,0.0,103060.0,0.0
20190111,7.0,0.2,17.0,11.0,5.3,1.6,0.0,103020.0,0.0
20190112,8.0,0.0,14.0,11.7,8.7,6.4,0.0,102320.0,0.0
20190113,8.0,0.1,16.0,9.8,10.2,8.6,0.0,101440.0,0.0
20190114,6.0,1.8,31.0,9.7,8.6,7.4,0.0,102030.0,0.0
20190115,6.0,0.1,17.0,9.9,5.5,1.4,0.2,101940.0,0.0
20190116,7.0,0.0,15.0,5.1,8.1,6.2,5.2,100590.0,0.0
20190117,4.0,6.1,56.0,7.1,3.6,2.1,0.0,101130.0,0.0
20190118,7.0,0.8,25.0,5.5,2.9,-1.4,0.0,101630.0,0.0
20190119,8.0,0.0,16.0,5.7,3.0,0.6,0.0,100980.0,0.0
20190120,2.0,5.7,56.0,6.4,2.1,-1.4,0.0,101790.0,0.0
20190121,7.0,0.3,21.0,6.6,2.1,-2.2,5.4,102120.0,0.0
20190122,5.0,4.0,48.0,3.4,3.8,1.0,4.8,100210.0,0.0
20190123,6.0,1.6,33.0,5.4,1.6,-0.1,0.2,100270.0,0.0
20190124,8.0,0.0,17.0,12.4,1.3,-2.8,1.0,101170.0,0.0
20190125,6.0,2.8,43.0,10.8,6.1,-0.2,0.0,101400.0,0.0
20190126,7.0,0.3,23.0,6.7,7.8,4.7,5.8,100250.0,0.0
20190127,6.0,1.9,38.0,6.0,5.2,3.7,1.0,99190.0,0.0
20190128,0.0,7.0,69.0,6.5,3.6,1.3,0.0,100590.0,0.0
20190129,7.0,0.4,25.0,6.2,1.9,-2.6,5.0,100140.0,0.0
20190130,2.0,6.3,68.0,4.4,2.2,-1.7,0.0,99570.0,0.0
20190131,4.0,3.4,51.0,2.6,-0.4,-5.2,4.6,99140.0,0.0
20190201,8.0,0.0,19.0,5.2,-0.1,-2.8,5.2,98780.0,2.0
20190202,6.0,5.7,67.0,7.4,2.9,0.5,0.0,100690.0,0.0
20190203,2.0,7.0,76.0,9.7,2.3,-2.8,5.0,102300.0,0.0
20190204,7.0,0.0,20.0,9.5,4.2,-1.2,0.2,101850.0,0.0
20190205,8.0,0.0,21.0,11.5,7.2,5.0,4.2,102310.0,0.0
20190206,7.0,0.7,32.0,10.5,8.6,5.7,4.0,101630.0,0.0
20190207,6.0,5.3,70.0,11.1,8.3,6.1,1.2,100610.0,0.0
20190208,7.0,0.0,22.0,10.8,8.8,6.4,7.0,99910.0,0.0
20190209,4.0,3.7,61.0,8.0,8.7,6.5,2.0,100040.0,0.0
20190210,6.0,0.9,37.0,9.2,6.8,5.7,1.0,99780.0,0.0
20190211,4.0,4.2,66.0,12.3,5.5,1.8,0.0,102340.0,0.0
20190212,5.0,2.6,54.0,12.9,6.9,1.5,0.0,103320.0,0.0
20190213,4.0,2.7,56.0,13.9,8.8,4.8,0.0,103310.0,0.0
20190214,1.0,8.4,98.0,14.4,7.2,0.4,0.2,103190.0,0.0
20190215,0.0,8.4,99.0,11.9,7.7,1.0,0.0,102700.0,0.0
20190216,6.0,0.0,25.0,15.1,7.5,3.1,0.0,102270.0,0.0
20190217,3.0,5.8,84.0,9.7,9.4,3.7,0.0,101600.0,0.0
20190218,6.0,0.0,26.0,12.5,8.4,7.2,2.8,101540.0,0.0
20190219,4.0,5.3,83.0,13.3,7.2,1.9,0.0,101860.0,0.0
20190220,6.0,3.8,72.0,15.3,9.4,5.5,0.0,102000.0,0.0
20190221,4.0,5.4,86.0,15.3,10.8,6.2,0.0,102640.0,0.0
20190222,5.0,5.9,91.0,16.7,10.7,6.0,0.0,103450.0,0.0
20190223,0.0,6.3,96.0,16.8,11.5,6.3,0.0,103380.0,0.0
20190224,0.0,9.1,118.0,19.4,9.8,2.8,0.0,103550.0,0.0
20190225,0.0,9.5,122.0,20.1,10.3,1.2,0.0,103620.0,0.0
20190226,0.0,9.6,124.0,19.2,11.1,2.0,0.0,103240.0,0.0
20190227,0.0,9.2,123.0,13.1,10.8,2.4,0.0,102480.0,0.0
20190228,6.0,0.7,46.0,11.2,8.9,4.7,1.4,101590.0,0.0
20190301,7.0,0.1,39.0,15.1,9.8,8.3,0.0,101810.0,0.0
20190302,7.0,2.3,74.0,12.7,11.3,7.5,2.6,101010.0,0.0
20190303,7.0,0.0,36.0,10.7,10.8,9.0,5.0,99830.0,0.0
20190304,6.0,3.4,89.0,12.2,7.2,3.8,0.6,99440.0,0.0
20190305,5.0,5.6,113.0,12.6,7.7,3.1,5.0,100240.0,0.0
20190306,8.0,0.0,38.0,12.5,9.8,7.0,0.4,98970.0,0.0
20190307,6.0,4.0,99.0,10.6,9.0,5.5,0.2,99270.0,0.0
20190308,4.0,3.4,94.0,13.6,6.7,2.8,1.2,100990.0,0.0
20190309,6.0,3.4,95.0,10.8,10.2,6.9,8.2,101230.0,0.0
20190310,6.0,6.0,125.0,11.4,8.1,5.3,3.0,100910.0,0.0
20190311,3.0,8.3,149.0,9.8,6.7,2.0,0.6,102290.0,0.0
20190312,6.0,1.5,73.0,12.0,7.8,5.9,7.8,100700.0,0.0
20190313,7.0,2.6,90.0,14.9,8.0,4.0,4.2,100800.0,0.0
20190314,6.0,4.0,109.0,14.7,10.9,7.0,4.6,100610.0,0.0
20190315,8.0,1.2,71.0,12.5,11.9,9.1,0.0,100720.0,0.0
20190316,8.0,0.0,44.0,10.4,11.4,10.3,4.4,100250.0,0.0
20190317,4.0,6.3,139.0,11.6,7.1,3.8,1.8,100530.0,0.0
20190318,6.0,3.8,111.0,13.0,7.5,3.4,0.0,102050.0,0.0
20190319,8.0,0.5,61.0,13.0,9.6,6.2,0.0,102730.0,0.0
20190320,8.0,0.0,46.0,14.6,10.6,8.2,0.0,103230.0,0.0
20190321,8.0,0.1,52.0,11.0,11.7,8.8,0.0,103300.0,0.0
20190322,8.0,0.0,48.0,13.9,9.9,8.9,0.0,102880.0,0.0
20190323,6.0,1.6,85.0,14.9,10.5,7.1,0.0,103140.0,0.0
20190324,2.0,10.6,195.0,13.1,9.1,3.3,0.0,103060.0,0.0
20190325,2.0,11.1,202.0,14.7,9.2,5.2,0.0,103180.0,0.0
20190326,2.0,8.1,173.0,13.4,8.1,1.5,0.0,103420.0,0.0
20190327,6.0,2.4,102.0,16.1,9.0,4.6,0.0,103520.0,0.0
20190328,5.0,5.3,144.0,17.6,11.6,7.1,0.0,103570.0,0.0
20190329,0.0,11.4,213.0,19.1,10.2,2.7,0.0,102900.0,0.0
20190330,3.0,8.2,181.0,13.1,11.9,4.7,0.0,102130.0,0.0
20190331,4.0,3.8,128.0,14.5,10.7,8.2,0.0,102460.0,0.0
20190401,2.0,11.4,219.0,9.8,9.2,3.9,0.0,101980.0,0.0
20190402,5.0,2.1,104.0,10.9,6.6,3.4,4.4,100440.0,0.0
20190403,5.0,4.2,137.0,10.3,5.9,0.9,0.8,99880.0,0.0
20190404,7.0,1.6,97.0,14.3,5.7,1.1,1.4,99510.0,0.0
20190405,6.0,2.8,118.0,11.6,9.8,5.4,0.0,100190.0,0.0
20190406,6.0,0.5,75.0,11.7,8.9,6.3,0.0,100540.0,0.0
20190407,7.0,0.0,58.0,12.7,8.9,6.1,0.2,100830.0,0.0
20190408,8.0,0.2,68.0,11.7,10.1,7.5,2.8,101100.0,0.0
20190409,7.0,0.0,59.0,13.1,9.9,8.2,1.8,101410.0,0.0
20190410,3.0,11.8,240.0,12.6,8.8,4.6,0.0,101890.0,0.0
20190411,1.0,12.5,249.0,10.7,6.8,1.1,0.0,102570.0,0.0
20190412,5.0,3.6,139.0,9.9,6.0,1.3,0.0,102690.0,0.0
20190413,3.0,6.6,182.0,11.4,5.2,0.6,0.0,102730.0,0.0
20190414,3.0,8.0,202.0,15.3,5.5,-0.3,0.0,102540.0,0.0
20190415,4.0,11.0,239.0,16.4,9.8,4.2,0.0,101980.0,0.0
20190416,7.0,1.4,103.0,19.2,11.7,6.9,0.0,101520.0,0.0
20190417,2.0,9.6,226.0,21.8,12.9,6.7,0.0,101890.0,0.0
20190418,7.0,11.0,244.0,24.0,14.8,7.8,0.0,102300.0,0.0
20190419,0.0,12.3,261.0,24.7,16.4,8.7,0.0,102820.0,0.0
20190420,0.0,12.9,269.0,24.6,16.4,8.2,0.0,102940.0,0.0
20190421,0.0,12.8,270.0,25.0,16.1,7.7,0.0,102000.0,0.0
20190422,4.0,7.5,206.0,21.9,16.8,8.5,0.0,100590.0,0.0
20190423,4.0,1.5,111.0,18.3,17.4,12.8,0.0,99710.0,0.0
20190424,7.0,2.3,128.0,17.3,14.2,10.1,0.6,99380.0,0.0
20190425,5.0,3.1,143.0,17.6,12.7,8.1,0.0,99870.0,0.0
20190426,5.0,4.9,173.0,13.3,11.6,5.6,0.8,100900.0,0.0
20190427,7.0,1.2,107.0,14.8,10.2,7.2,0.0,100990.0,0.0
20190428,8.0,1.1,106.0,16.1,10.9,7.1,0.0,102010.0,0.0
20190429,7.0,2.7,139.0,18.2,10.8,5.4,0.0,102590.0,0.0
20190430,3.0,9.5,242.0,18.5,12.1,5.9,0.0,102440.0,0.0
20190501,6.0,3.8,161.0,16.7,12.5,6.5,0.0,101890.0,0.0
20190502,6.0,4.7,176.0,15.5,12.9,9.1,1.4,101410.0,0.0
20190503,7.0,1.9,127.0,11.6,11.4,7.4,1.8,101470.0,0.0
20190504,4.0,9.5,247.0,12.7,8.4,5.2,0.2,101960.0,0.0
20190505,5.0,4.3,172.0,13.1,7.7,2.7,0.0,102580.0,0.0
20190506,7.0,2.0,131.0,17.5,9.1,5.1,0.0,102200.0,0.0
20190507,7.0,6.9,214.0,15.7,11.8,6.2,7.4,101390.0,0.0
20190508,7.0,1.8,128.0,15.8,12.1,8.4,10.8,99570.0,0.0
20190509,6.0,1.9,131.0,16.4,10.9,6.1,9.2,99750.0,0.0
20190510,5.0,4.9,186.0,16.8,10.6,4.7,0.0,100880.0,0.0
20190511,6.0,4.6,182.0,18.1,12.4,8.1,2.2,101990.0,0.0
20190512,1.0,11.3,279.0,17.8,11.4,4.7,0.0,103590.0,0.0
20190513,0.0,13.7,310.0,18.8,11.5,5.2,0.0,103930.0,0.0
20190514,0.0,14.0,314.0,20.7,12.7,6.6,0.0,103380.0,0.0
20190515,0.0,12.9,302.0,19.0,13.8,6.9,0.0,102690.0,0.0
20190516,4.0,11.7,288.0,14.8,13.2,7.4,0.0,101740.0,0.0
20190517,7.0,0.5,100.0,17.2,11.6,8.4,0.0,100910.0,0.0
20190518,7.0,0.7,106.0,18.6,13.4,9.7,0.0,100680.0,0.0
20190519,6.0,0.3,94.0,20.4,13.4,8.2,0.0,100970.0,0.0
20190520,6.0,3.1,161.0,20.9,16.3,12.2,0.0,101270.0,0.0
20190521,1.0,11.9,294.0,22.5,15.2,9.6,0.0,101810.0,0.0
20190522,5.0,9.4,262.0,24.7,16.4,10.4,0.0,101960.0,0.0
20190523,4.0,10.8,281.0,22.6,16.9,9.0,0.0,101630.0,0.0
20190524,4.0,7.6,237.0,24.2,16.7,10.8,0.0,101720.0,0.0
20190525,7.0,4.5,189.0,21.2,19.1,13.9,0.0,101820.0,0.0
20190526,7.0,1.7,135.0,20.0,17.6,14.0,0.0,101350.0,0.0
20190527,5.0,4.0,181.0,18.4,14.5,9.0,0.2,101040.0,0.0
20190528,6.0,4.7,193.0,19.2,13.8,9.1,0.0,101270.0,0.0
20190529,7.0,0.3,97.0,24.8,14.2,9.2,2.8,101860.0,0.0
20190530,7.0,4.6,192.0,20.7,17.9,11.1,0.0,102100.0,0.0
20190531,6.0,2.3,149.0,27.6,17.5,14.3,0.0,102350.0,0.0
20190601,3.0,11.5,296.0,27.3,19.1,10.5,0.0,101920.0,0.0
20190602,6.0,7.1,235.0,22.0,21.1,14.9,0.0,101010.0,0.0
20190603,3.0,6.8,231.0,17.5,16.3,10.6,0.0,101240.0,0.0
20190604,7.0,0.8,115.0,19.8,13.8,10.1,1.6,100600.0,0.0
20190605,6.0,4.6,196.0,21.0,15.8,11.8,0.0,100590.0,0.0
20190606,3.0,11.9,303.0,19.3,14.8,8.7,1.4,101010.0,0.0
20190607,7.0,1.5,134.0,20.3,15.2,11.0,7.4,100240.0,0.0
20190608,5.0,7.6,244.0,21.0,15.6,10.9,0.0,101140.0,0.0
20190609,5.0,6.4,226.0,14.8,14.8,8.6,3.2,102040.0,0.0
20190610,8.0,0.0,80.0,18.4,13.1,11.4,31.8,101460.0,0.0
20190611,8.0,0.8,116.0,16.1,13.9,9.5,0.0,101150.0,0.0
20190612,8.0,1.7,140.0,16.1,13.6,11.0,17.2,100970.0,0.0
20190613,8.0,0.0,81.0,20.1,13.8,11.4,4.8,100580.0,0.0
20190614,7.0,5.3,209.0,20.0,15.9,11.7,0.0,101020.0,0.0
20190615,7.0,3.7,181.0,21.4,15.8,11.5,0.8,101280.0,0.0
20190616,6.0,4.7,199.0,22.7,14.9,8.4,1.2,101660.0,0.0
20190617,4.0,9.3,270.0,19.7,17.0,11.3,0.0,101750.0,0.0
20190618,7.0,2.4,156.0,19.5,15.3,11.0,2.2,101390.0,0.0
20190619,8.0,0.1,89.0,20.5,16.8,14.1,7.4,100800.0,0.0
20190620,6.0,6.5,229.0,22.4,16.4,12.3,0.0,101260.0,0.0
20190621,3.0,9.8,277.0,23.8,15.6,8.8,0.0,101940.0,0.0
20190622,1.0,11.9,38.0,24.9,16.8,9.7,0.0,102090.0,0.0
20190623,6.0,1.0,122.0,24.5,18.7,12.5,0.0,101680.0,0.0
20190624,7.0,1.7,140.0,23.9,20.9,17.2,2.8,101560.0,0.0
20190625,8.0,1.0,122.0,22.2,20.9,17.8,0.0,101890.0,0.0
20190626,8.0,3.5,178.0,24.6,18.8,15.4,0.0,102720.0,0.0
20190627,2.0,13.3,40.0,24.7,18.8,13.0,0.0,102870.0,0.0
20190628,2.0,12.7,39.0,34.0,19.1,13.4,0.0,102420.0,0.0
20190629,1.0,13.6,39.0,25.1,24.3,14.6,0.0,101500.0,0.0
20190630,3.0,8.9,263.0,22.5,19.9,14.6,0.0,101610.0,0.0
20190701,3.0,7.4,241.0,23.2,17.9,13.3,0.0,102040.0,0.0
20190702,3.0,9.6,273.0,24.4,17.0,10.8,0.0,102500.0,0.0
20190703,3.0,10.9,290.0,26.7,18.6,12.9,0.0,102650.0,0.0
20190704,1.0,14.1,36.0,27.6,19.4,12.0,0.0,102460.0,0.0
20190705,6.0,8.5,256.0,23.6,21.6,15.7,0.0,101850.0,0.0
20190706,5.0,4.7,197.0,21.5,19.1,14.6,4.6,101370.0,0.0
20190707,7.0,3.0,166.0,23.9,17.8,14.1,2.0,101670.0,0.0
20190708,7.0,4.8,198.0,25.8,18.2,12.5,0.0,102070.0,0.0
20190709,8.0,1.8,140.0,26.7,20.6,15.3,0.0,102090.0,0.0
20190710,7.0,3.1,167.0,27.3,21.7,16.7,0.0,101800.0,0.0
20190711,7.0,7.9,245.0,25.5,21.8,16.3,0.0,101290.0,0.0
20190712,5.0,9.2,263.0,23.7,21.3,17.1,0.0,101510.0,0.0
20190713,4.0,5.0,200.0,21.9,19.1,14.5,0.6,102160.0,0.0
20190714,5.0,2.5,153.0,22.9,18.0,14.1,0.0,102320.0,0.0
20190715,4.0,6.1,217.0,27.3,17.4,11.8,0.0,102260.0,0.0
20190716,0.0,13.1,36.0,26.4,19.5,11.7,0.0,101910.0,0.0
20190717,5.0,6.6,223.0,24.8,19.9,13.5,3.0,101410.0,0.0
20190718,6.0,2.5,152.0,19.9,20.2,15.6,0.0,101050.0,0.0
20190719,7.0,0.0,77.0,25.6,16.3,12.7,17.4,101120.0,0.0
20190720,5.0,6.9,226.0,24.6,20.5,15.4,0.0,100890.0,0.0
20190721,3.0,5.7,207.0,27.9,18.8,13.0,0.0,102020.0,0.0
20190722,5.0,7.1,228.0,33.6,22.1,16.4,0.0,102170.0,0.0
20190723,0.0,13.2,307.0,32.8,24.6,15.7,0.8,101730.0,0.0
20190724,2.0,12.2,294.0,37.9,26.4,20.0,0.0,101210.0,0.0
20190725,2.0,9.5,259.0,25.7,28.8,19.7,3.8,101020.0,0.0
20190726,8.0,0.7,105.0,20.3,22.2,18.7,14.4,101050.0,0.0
20190727,8.0,0.0,74.0,24.3,18.2,16.1,0.4,100710.0,0.0
20190728,6.0,1.3,120.0,26.2,19.9,15.5,0.0,100600.0,0.0
20190729,4.0,11.4,280.0,19.9,19.7,13.2,0.0,100880.0,0.0
20190730,6.0,1.5,124.0,24.9,18.4,17.0,3.8,100510.0,0.0
20190731,7.0,4.2,176.0,26.0,20.6,16.3,0.0,101230.0,0.0
20190801,6.0,5.7,199.0,25.8,20.3,14.6,0.0,101710.0,0.0
20190802,4.0,6.6,212.0,24.7,20.6,15.5,0.0,101910.0,0.0
20190803,4.0,3.0,153.0,27.4,19.8,14.8,0.0,101880.0,0.0
20190804,6.0,0.5,95.0,26.5,21.2,15.0,0.2,101340.0,0.0
20190805,5.0,4.8,182.0,25.0,21.2,16.0,0.2,100980.0,0.0
20190806,5.0,5.9,198.0,24.9,20.1,15.3,0.0,100780.0,0.0
20190807,5.0,5.3,188.0,24.5,19.6,14.2,1.2,100670.0,0.0
20190808,5.0,5.4,189.0,25.0,18.9,13.4,3.2,100960.0,0.0
20190809,6.0,3.8,162.0,23.6,21.3,17.6,1.8,100090.0,0.0
20190810,6.0,5.6,190.0,23.2,20.1,16.6,1.4,100420.0,0.0
20190811,3.0,7.2,212.0,19.5,19.1,15.1,0.0,101120.0,0.0
20190812,6.0,1.3,112.0,23.4,16.2,12.9,1.4,101460.0,0.0
20190813,4.0,9.8,243.0,19.4,16.6,9.8,3.2,101740.0,0.0
20190814,8.0,0.1,74.0,23.5,16.6,13.9,8.6,101240.0,0.0
20190815,4.0,7.0,204.0,19.2,18.8,14.0,0.0,101230.0,0.0
20190816,6.0,0.0,65.0,24.1,15.9,12.7,5.6,101120.0,0.0
20190817,5.0,7.5,209.0,22.5,19.6,15.0,1.0,100460.0,0.0
20190818,6.0,3.7,153.0,22.4,18.6,14.6,4.8,100550.0,0.0
20190819,3.0,7.5,206.0,22.8,17.2,12.1,0.6,101410.0,0.0
20190820,2.0,9.9,235.0,23.6,16.8,10.7,0.0,102280.0,0.0
20190821,2.0,8.4,215.0,25.1,17.1,10.6,0.0,102650.0,0.0
20190822,3.0,9.0,221.0,27.7,18.6,12.2,0.0,102470.0,0.0
20190823,0.0,12.2,256.0,30.7,20.4,13.2,0.0,102400.0,0.0
20190824,2.0,11.1,243.0,33.3,21.9,13.0,0.0,101910.0,0.0
20190825,2.0,11.0,240.0,33.2,24.8,16.3,0.0,101780.0,0.0
20190826,0.0,12.0,249.0,33.4,24.9,16.5,0.0,101740.0,0.0
20190827,1.0,10.4,230.0,26.6,24.9,16.3,0.4,101410.0,0.0
20190828,7.0,3.3,136.0,24.7,22.3,18.0,0.0,101380.0,0.0
20190829,3.0,8.9,210.0,24.8,17.8,10.8,0.0,101950.0,0.0
20190830,2.0,8.6,205.0,24.9,19.1,13.4,0.0,102050.0,0.0
20190831,3.0,5.7,167.0,21.6,18.6,12.3,0.0,101260.0,0.0
20190901,3.0,8.6,193.0,23.6,16.4,11.3,0.0,101800.0,0.0
20190902,4.0,7.1,175.0,22.8,16.1,8.7,0.0,102360.0,0.0
20190903,7.0,2.5,113.0,21.1,19.1,15.3,7.2,102260.0,0.0
20190904,6.0,7.0,171.0,18.7,17.9,14.6,0.0,101570.0,0.0
20190905,3.0,8.5,186.0,18.8,15.3,11.9,0.0,102490.0,0.0
20190906,4.0,0.7,77.0,17.8,14.1,9.3,0.0,102230.0,0.0
20190907,6.0,2.8,113.0,18.6,14.6,11.3,0.0,102340.0,0.0
20190908,2.0,8.6,183.0,16.1,12.3,6.1,0.0,102340.0,0.0
20190909,8.0,0.0,52.0,21.9,13.9,11.8,0.0,101360.0,0.0
20190910,5.0,5.4,144.0,21.8,15.9,9.9,0.0,101870.0,0.0
20190911,7.0,0.5,68.0,25.7,17.6,13.5,0.0,102020.0,0.0
20190912,6.0,3.3,115.0,22.6,18.9,12.0,0.0,102700.0,0.0
20190913,2.0,11.8,205.0,24.0,18.1,13.5,0.0,103390.0,0.0
20190914,0.0,10.9,195.0,26.6,16.6,9.1,0.0,103210.0,0.0
20190915,0.0,10.0,185.0,20.6,18.2,9.8,0.2,102430.0,0.0
20190916,8.0,0.0,47.0,20.0,18.0,15.4,0.6,102210.0,0.0
20190917,1.0,11.4,194.0,20.0,14.8,9.6,0.0,102540.0,0.0
20190918,0.0,11.1,189.0,22.2,13.9,7.8,0.0,102960.0,0.0
20190919,0.0,10.5,182.0,22.4,15.1,7.9,0.0,103080.0,0.0
20190920,0.0,10.8,183.0,26.4,15.8,9.3,0.0,102510.0,0.0
20190921,0.0,10.6,179.0,23.9,19.1,11.8,0.2,101220.0,0.0
20190922,6.0,0.4,58.0,20.1,20.6,17.3,1.6,100440.0,0.0
20190923,6.0,3.3,102.0,20.5,16.8,13.5,18.8,100970.0,0.0
20190924,7.0,1.8,81.0,22.2,17.9,15.2,12.6,100170.0,0.0
20190925,7.0,2.6,91.0,20.9,18.4,14.6,3.6,100050.0,0.0
20190926,6.0,1.7,78.0,19.0,18.2,15.5,0.8,100290.0,0.0
20190927,3.0,4.1,107.0,19.7,16.1,13.2,1.2,100410.0,0.0
20190928,6.0,0.3,51.0,19.8,15.8,12.0,4.6,100800.0,0.0
20190929,7.0,0.3,50.0,17.8,16.9,13.9,4.4,99800.0,0.0
20190930,6.0,0.2,47.0,21.1,13.8,9.7,7.2,100860.0,0.0
20191001,7.0,2.8,87.0,14.4,17.4,13.6,9.4,100020.0,0.0
20191002,1.0,7.9,136.0,15.3,10.6,6.7,0.0,101770.0,0.0
20191003,5.0,0.2,45.0,15.7,9.7,4.0,1.8,101640.0,0.0
20191004,6.0,0.2,44.0,16.3,12.1,8.4,0.4,100550.0,0.0
20191005,8.0,0.0,36.0,17.3,13.8,11.4,16.0,101390.0,0.0
20191006,7.0,4.7,101.0,16.9,14.4,11.6,1.0,101110.0,0.0
20191007,8.0,0.5,49.0,17.9,13.6,10.2,1.8,101420.0,0.0
20191008,5.0,2.5,76.0,16.3,15.0,12.1,3.4,100700.0,0.0
20191009,6.0,4.2,92.0,17.5,13.4,10.5,0.2,100530.0,0.0
20191010,4.0,3.8,87.0,17.2,12.9,8.3,3.6,101100.0,0.0
20191011,8.0,0.0,33.0,16.4,15.3,13.4,7.0,100650.0,0.0
20191012,8.0,0.0,32.0,17.3,13.5,10.6,12.4,100810.0,0.0
20191013,7.0,1.1,54.0,16.0,14.1,10.9,4.0,100450.0,0.0
20191014,8.0,0.0,31.0,17.5,13.2,10.3,3.6,100550.0,0.0
20191015,6.0,1.7,60.0,16.3,14.1,10.7,0.8,100410.0,0.0
20191016,6.0,3.0,73.0,15.4,13.0,9.7,0.0,100310.0,0.0
20191017,5.0,2.7,69.0,15.6,11.8,8.2,10.2,100540.0,0.0
20191018,5.0,4.6,85.0,15.8,12.4,9.3,2.4,99950.0,0.0
20191019,3.0,6.7,100.0,12.1,12.7,9.5,0.6,100100.0,0.0
20191020,5.0,1.4,52.0,13.3,8.3,4.6,0.2,101050.0,0.0
20191021,8.0,0.0,28.0,16.0,11.1,8.8,0.4,101850.0,0.0
20191022,2.0,7.6,102.0,14.6,11.2,6.5,0.0,102320.0,0.0
20191023,6.0,0.2,33.0,12.5,9.4,4.2,0.2,101350.0,0.0
20191024,7.0,0.0,26.0,16.9,10.4,8.3,5.6,100560.0,0.0
20191025,7.0,0.0,26.0,16.9,13.2,9.5,0.4,101120.0,0.0
20191026,8.0,0.0,25.0,12.0,14.6,12.2,4.2,100850.0,0.0
20191027,2.0,5.3,80.0,11.0,8.0,4.0,0.0,102330.0,0.0
20191028,4.0,3.5,65.0,11.5,6.0,1.1,0.0,102490.0,0.0
20191029,8.0,0.1,27.0,12.9,8.6,5.7,0.0,102510.0,0.0
20191030,5.0,4.4,70.0,13.3,9.9,7.0,0.0,102400.0,0.0
20191031,5.0,4.9,72.0,16.2,9.9,6.5,3.2,101880.0,0.0
20191101,8.0,0.0,23.0,14.0,11.8,7.4,1.4,99920.0,0.0
20191102,7.0,0.3,29.0,12.4,12.0,10.0,4.2,98080.0,0.0
20191103,4.0,1.8,46.0,12.8,9.2,6.0,2.0,98170.0,0.0
20191104,4.0,1.2,39.0,13.0,10.1,7.3,0.0,98410.0,0.0
20191105,8.0,0.6,32.0,9.6,9.6,6.1,1.2,99700.0,0.0
20191106,5.0,3.3,55.0,11.2,6.5,3.3,9.2,100360.0,0.0
20191107,4.0,6.0,72.0,9.0,8.4,5.6,0.0,99320.0,0.0
20191108,5.0,0.1,23.0,7.8,4.3,-0.3,0.2,100620.0,0.0
20191109,6.0,0.4,27.0,11.1,4.1,0.4,12.4,100600.0,0.0
20191110,5.0,6.3,70.0,10.0,6.3,1.6,2.4,101060.0,0.0
20191111,5.0,3.5,53.0,9.0,7.3,4.7,0.0,100240.0,0.0
20191112,5.0,2.7,46.0,10.1,6.1,3.2,1.8,99900.0,0.0
20191113,4.0,3.3,50.0,9.8,6.4,2.7,17.2,99830.0,0.0
20191114,7.0,2.6,44.0,8.9,6.8,3.8,0.2,99490.0,0.0
20191115,8.0,0.0,18.0,8.2,6.5,4.0,1.6,100300.0,0.0
20191116,8.0,0.7,28.0,8.7,6.5,4.7,0.0,100610.0,0.0
20191117,7.0,2.1,39.0,9.5,5.1,1.5,0.0,101120.0,0.0
20191118,3.0,3.8,49.0,7.1,6.0,2.6,0.0,101590.0,0.0
20191119,6.0,0.0,17.0,8.0,2.5,-2.1,0.0,101680.0,0.0
20191120,3.0,0.8,27.0,7.6,4.2,0.4,0.0,101210.0,0.0
20191121,8.0,0.0,16.0,9.9,4.8,2.0,4.2,100330.0,0.0
20191122,7.0,0.7,26.0,10.8,6.8,3.6,1.0,99530.0,0.0
20191123,7.0,0.0,16.0,11.8,9.2,7.6,3.4,99370.0,0.0
20191124,7.0,0.1,18.0,11.8,8.8,5.9,0.0,100300.0,0.0
20191125,8.0,0.0,15.0,13.6,10.1,8.4,2.0,100210.0,0.0
20191126,7.0,0.0,15.0,11.9,11.6,9.5,5.2,99480.0,0.0
20191127,8.0,1.2,28.0,10.1,10.6,9.2,3.0,98400.0,0.0
20191128,8.0,0.3,20.0,7.9,9.0,7.9,2.0,99560.0,0.0
20191129,2.0,5.7,53.0,7.1,5.3,2.8,0.2,101550.0,0.0
20191130,3.0,3.8,43.0,7.5,3.1,-0.8,0.0,102150.0,0.0
20191201,3.0,1.3,26.0,7.6,4.8,2.0,0.0,102360.0,0.0
20191202,1.0,5.5,48.0,10.0,3.4,-0.8,0.2,103110.0,0.0
20191203,5.0,2.9,35.0,9.0,5.2,0.4,0.0,102770.0,0.0
20191204,1.0,5.4,47.0,12.1,4.6,0.2,0.2,102110.0,0.0
20191205,7.0,0.5,19.0,13.8,5.4,-1.3,3.8,101880.0,0.0
20191206,7.0,0.1,15.0,11.9,8.3,2.8,0.2,100640.0,0.0
20191207,7.0,0.3,17.0,11.2,9.3,6.8,2.0,101220.0,0.0
20191208,5.0,1.7,27.0,9.7,10.0,8.8,0.0,99950.0,0.0
20191209,3.0,4.1,39.0,11.9,8.1,6.5,0.0,100930.0,0.0
20191210,6.0,0.0,12.0,8.4,5.8,-0.2,3.6,101430.0,0.0
20191211,2.0,2.6,31.0,9.4,6.0,3.5,0.2,100500.0,0.0
20191212,6.0,0.0,12.0,8.6,5.0,0.6,11.0,98920.0,0.0
20191213,7.0,2.0,28.0,9.1,6.7,4.7,2.0,97920.0,0.0
20191214,4.0,2.6,31.0,10.3,6.5,3.9,10.8,98950.0,0.0
20191215,4.0,4.0,38.0,9.0,7.5,4.8,8.4,99510.0,0.0
20191216,7.0,0.0,12.0,7.8,6.7,4.3,4.4,99980.0,0.0
20191217,8.0,0.0,12.0,12.0,7.0,6.2,1.4,100050.0,0.0
20191218,5.0,1.2,23.0,13.6,6.4,0.8,9.0,100760.0,0.0
20191219,8.0,0.4,17.0,10.8,9.7,5.7,13.0,99620.0,0.0
20191220,6.0,0.5,18.0,10.7,9.6,8.3,8.0,98110.0,0.0
20191221,7.0,1.9,27.0,9.6,7.5,4.2,7.2,97900.0,0.0
20191222,6.0,2.2,29.0,10.9,8.3,7.1,0.0,98480.0,0.0
20191223,4.0,4.1,38.0,12.3,8.1,5.2,1.2,100710.0,0.0
20191224,5.0,2.0,28.0,9.0,9.8,7.2,0.2,100850.0,0.0
20191225,2.0,5.0,42.0,10.2,5.7,2.4,0.2,102320.0,0.0
20191226,7.0,0.1,14.0,8.3,5.8,1.5,2.6,101650.0,0.0
20191227,8.0,0.0,12.0,9.6,7.5,6.6,0.0,102880.0,0.0
20191228,8.0,0.0,12.0,9.9,8.1,6.6,0.0,103630.0,0.0
20191229,6.0,2.2,29.0,11.5,8.7,7.4,0.0,103360.0,0.0
20191230,0.0,3.6,37.0,9.3,6.5,1.5,0.0,102970.0,0.0
20191231,7.0,0.0,13.0,9.4,7.1,4.9,0.0,103160.0,0.0
20200101,8.0,0.0,13.0,6.6,4.1,1.7,0.0,102980.0,
20200102,7.0,0.0,13.0,11.1,8.6,6.2,1.0,102160.0,
20200103,4.0,0.0,22.0,10.4,9.9,9.4,0.6,101980.0,
20200104,7.0,2.7,36.0,9.1,5.6,2.2,0.0,103400.0,
20200105,7.0,1.4,32.0,9.1,7.8,6.5,0.0,103380.0,
20200106,7.0,0.2,24.0,9.0,7.8,6.6,0.8,102290.0,
20200107,5.0,0.9,30.0,12.1,8.1,4.1,0.2,102220.0,
20200108,7.0,1.3,37.0,12.1,11.8,11.6,1.0,102070.0,
20200109,3.0,0.9,28.0,13.5,11.5,9.6,4.2,100780.0,
20200110,3.0,3.8,43.0,8.6,7.1,5.7,0.0,102100.0,
20200111,7.0,3.5,43.0,11.0,8.0,5.0,0.6,102260.0,
20200112,3.0,0.5,27.0,11.7,10.6,9.6,0.2,101810.0,
20200113,7.0,2.8,36.0,10.5,7.5,4.6,5.6,101060.0,
20200114,8.0,0.6,27.0,13.4,10.3,7.2,10.0,99610.0,
20200115,3.0,0.0,18.0,10.2,9.1,8.0,3.0,100450.0,
20200116,7.0,2.4,38.0,12.7,8.9,5.2,4.4,101520.0,
20200117,4.0,0.4,34.0,9.6,8.5,7.4,1.0,101170.0,
20200118,2.0,2.7,43.0,8.0,4.6,1.2,0.0,102620.0,
20200119,0.0,6.7,60.0,7.7,3.7,-0.3,0.2,104280.0,
20200120,3.0,6.2,66.0,8.9,4.3,-0.3,0.0,104820.0,
20200121,1.0,3.8,53.0,8.1,3.0,-2.0,0.0,104260.0,
20200122,8.0,5.6,58.0,8.1,4.3,0.6,0.2,103810.0,
20200123,8.0,0.0,17.0,8.1,7.6,7.1,0.0,103250.0,
20200124,8.0,0.0,10.0,7.1,6.5,6.0,0.0,102380.0,
20200125,8.0,0.0,12.0,7.0,6.3,5.6,0.2,101930.0,
20200126,7.0,0.0,21.0,10.6,8.1,5.7,2.4,101040.0,
20200127,7.0,0.1,36.0,9.6,8.5,7.5,9.0,100130.0,
20200128,2.0,1.1,36.0,8.2,5.4,2.6,0.0,99490.0,
20200129,4.0,4.8,69.0,9.7,6.0,2.4,0.0,100810.0,
20200130,8.0,5.8,70.0,13.1,10.0,7.0,0.2,100510.0,
20200131,7.0,0.0,23.0,12.9,10.7,8.6,1.0,100640.0,
20200201,2.0,0.4,39.0,12.5,11.2,10.0,8.0,100400.0,
20200202,7.0,3.3,64.0,13.4,9.9,6.4,0.6,100750.0,
20200203,7.0,0.4,48.0,12.1,10.3,8.5,0.2,101200.0,
20200204,5.0,1.0,49.0,9.5,6.7,4.0,0.0,102030.0,
20200205,7.0,1.5,42.0,,,2.4,,103640.0,
20200206,4.0,3.5,68.0,9.6,4.8,0.0,0.0,103250.0,
20200207,4.0,5.6,80.0,9.4,5.0,0.7,1.2,102090.0,
20200208,7.0,4.3,77.0,11.1,9.5,7.9,0.0,101480.0,
20200209,8.0,3.4,68.0,13.2,10.4,7.6,13.0,99660.0,
20200210,7.0,0.1,24.0,9.7,7.5,5.4,3.0,99620.0,
20200211,2.0,3.0,68.0,8.5,6.0,3.5,0.0,100660.0,
20200212,4.0,6.5,99.0,9.1,5.6,2.2,10.0,101440.0,
20200213,4.0,6.1,91.0,10.5,8.0,5.6,1.0,99860.0,
20200214,7.0,1.1,56.0,12.6,7.2,1.9,3.0,101600.0,
20200215,8.0,3.0,77.0,13.0,11.4,9.9,8.0,100800.0,
20200216,6.0,0.0,20.0,13.1,12.5,12.0,12.2,99490.0,
20200217,7.0,0.2,29.0,11.5,8.4,5.4,0.2,100830.0,
20200218,7.0,4.2,88.0,11.5,7.9,4.4,2.4,101820.0,
20200219,8.0,2.6,74.0,9.2,5.9,2.6,1.2,101890.0,
20200220,4.0,0.0,36.0,10.4,9.5,8.6,5.0,101100.0,
20200221,5.0,1.0,42.0,11.0,7.3,3.7,0.0,102250.0,
20200222,7.0,0.0,67.0,14.4,11.7,9.1,0.4,101830.0,
20200223,7.0,1.6,70.0,15.1,12.0,8.9,2.8,101660.0,
20200224,7.0,1.3,61.0,12.2,8.9,5.7,2.0,101230.0,
20200225,6.0,0.1,30.0,9.7,7.1,4.6,1.0,100130.0,
20200226,5.0,1.7,84.0,9.2,5.1,1.1,4.2,100280.0,
20200227,3.0,4.9,100.0,8.2,5.6,3.1,5.0,100300.0,
20200228,8.0,4.5,91.0,12.0,6.0,0.1,6.0,100770.0,
20200229,3.0,0.7,34.0,9.9,9.4,9.0,7.0,98710.0,
20200301,3.0,4.5,99.0,10.6,7.6,4.6,5.0,98860.0,
20200302,3.0,7.5,137.0,10.1,7.0,3.9,0.2,98940.0,
20200303,4.0,3.6,106.0,10.6,6.0,1.5,0.8,100130.0,
20200304,8.0,2.7,92.0,8.4,4.2,0.0,6.0,100840.0,
20200305,8.0,0.0,54.0,6.1,5.7,5.4,10.0,99560.0,
20200306,1.0,1.2,41.0,10.1,6.6,3.1,0.0,100350.0,
20200307,7.0,8.9,165.0,13.4,7.5,1.6,0.4,101540.0,
20200308,3.0,1.4,96.0,14.4,11.9,9.4,2.0,100640.0,
20200309,7.0,4.7,120.0,11.1,7.8,4.6,7.0,101120.0,
20200310,8.0,1.6,79.0,,,6.4,,100480.0,
20200311,4.0,0.8,18.0,15.5,11.7,8.0,2.0,100930.0,
20200312,2.0,5.4,147.0,11.0,7.7,4.5,1.2,100930.0,
20200313,6.0,6.7,144.0,13.1,9.3,5.5,3.0,101780.0,
20200314,7.0,3.1,115.0,13.6,10.1,6.6,0.8,101430.0,
20200315,7.0,1.3,104.0,12.2,10.9,9.6,2.0,100850.0,
20200316,4.0,1.3,73.0,13.0,7.9,2.9,0.0,101960.0,
20200317,7.0,10.2,198.0,13.6,9.0,4.5,0.0,102720.0,
20200318,7.0,0.6,88.0,15.6,12.5,9.5,0.8,102480.0,
20200319,8.0,0.3,65.0,8.0,7.0,6.1,0.8,102600.0,
20200320,7.0,0.0,35.0,10.1,8.1,6.1,0.0,102830.0,
20200321,5.0,2.1,130.0,11.0,7.4,3.9,0.0,102690.0,
20200322,2.0,10.8,229.0,11.4,7.4,3.4,0.0,102630.0,
20200323,1.0,11.7,238.0,14.0,8.0,2.1,0.0,102640.0,
20200324,3.0,13.4,244.0,15.6,8.0,0.5,0.0,102570.0,
20200325,0.0,13.4,239.0,14.2,7.3,0.4,0.0,102460.0,
20200326,2.0,13.6,247.0,14.0,7.5,1.1,0.0,102320.0,
20200327,0.0,13.1,241.0,14.0,7.7,1.5,0.0,102380.0,
20200328,3.0,12.0,231.0,11.9,8.2,4.5,0.0,102800.0,
20200329,1.0,6.1,160.0,8.1,5.8,3.5,0.0,103720.0,
20200330,6.0,5.9,158.0,10.7,6.4,2.1,0.0,103540.0,
20200331,3.0,1.4,105.0,11.4,7.0,2.6,0.0,103160.0,
20200401,5.0,5.4,162.0,9.4,4.2,-0.9,0.0,102490.0,
20200402,6.0,3.6,129.0,14.1,9.8,5.5,0.0,101650.0,
20200403,6.0,2.8,138.0,14.2,10.5,6.9,0.0,101730.0,
20200404,1.0,6.5,183.0,16.6,9.6,2.7,0.0,101990.0,
20200405,2.0,10.2,241.0,21.7,13.8,6.0,0.4,101450.0,
20200406,2.0,12.7,274.0,18.4,14.5,10.6,0.2,101560.0,
20200407,5.0,5.0,189.0,20.1,12.3,4.6,0.0,102830.0,
20200408,4.0,10.1,232.0,22.0,15.9,9.9,0.0,102490.0,
20200409,3.0,4.4,185.0,23.2,15.9,8.6,0.0,102450.0,
20200410,4.0,12.4,264.0,24.2,16.4,8.7,0.0,102480.0,
20200411,6.0,13.1,268.0,25.1,17.1,9.1,0.0,102240.0,
20200412,6.0,10.4,248.0,24.9,17.2,9.6,0.0,101490.0,
20200413,3.0,11.0,241.0,11.9,10.0,8.2,0.0,102390.0,
20200414,1.0,9.9,253.0,13.5,8.3,3.2,0.0,102870.0,
20200415,4.0,14.5,305.0,19.1,10.8,2.6,0.0,102310.0,
20200416,7.0,13.6,289.0,19.6,12.1,4.6,0.0,101630.0,
20200417,7.0,6.4,187.0,14.7,11.9,9.1,16.0,101660.0,
20200418,7.0,2.3,121.0,16.1,11.3,6.5,1.0,101750.0,
20200419,0.0,5.1,190.0,18.6,12.4,6.2,0.0,102010.0,
20200420,0.0,12.5,307.0,18.6,12.1,5.6,0.0,101790.0,
20200421,2.0,14.7,320.0,18.9,13.5,8.2,0.0,101640.0,
20200422,2.0,14.9,324.0,21.5,14.3,7.1,0.0,101900.0,
20200423,4.0,14.2,316.0,24.1,15.3,6.6,0.0,101950.0,
20200424,1.0,13.6,311.0,22.0,14.9,7.9,0.0,101610.0,
20200425,0.0,14.3,312.0,16.9,11.9,6.9,0.0,101530.0,
20200426,1.0,12.1,316.0,20.6,12.4,4.2,0.0,101240.0,
20200427,6.0,14.0,309.0,18.6,12.8,7.1,3.0,100780.0,
20200428,8.0,3.0,180.0,8.6,8.5,8.5,11.0,100480.0,
20200429,7.0,0.0,51.0,14.2,10.7,7.2,1.6,100220.0,
20200430,6.0,2.3,161.0,14.2,10.2,6.2,4.2,99510.0,
20200501,6.0,4.2,172.0,15.6,11.5,7.5,0.2,99850.0,
20200502,2.0,7.9,259.0,17.6,11.6,5.7,0.0,100960.0,
20200503,8.0,12.0,311.0,15.2,11.9,8.6,0.2,101550.0,
20200504,6.0,1.0,142.0,17.9,13.8,9.7,0.0,101870.0,
20200505,1.0,9.3,270.0,15.5,11.7,8.0,,102090.0,
20200506,0.0,2.4,356.0,,,,,102510.0,
20200507,4.0,15.3,358.0,23.1,14.5,6.0,0.0,102310.0,
20200508,5.0,14.6,335.0,24.2,17.1,10.1,0.0,101820.0,
20200509,6.0,13.1,327.0,25.0,17.8,10.6,0.0,101300.0,
20200510,8.0,12.5,320.0,18.1,14.8,11.6,0.0,101010.0,
20200511,5.0,3.9,170.0,12.6,8.6,4.7,0.0,101910.0,
20200512,5.0,7.7,278.0,16.2,9.3,2.4,0.0,102130.0,
20200513,4.0,8.7,293.0,13.4,9.7,6.1,0.0,101710.0,
20200514,1.0,5.6,262.0,14.7,8.9,3.1,0.0,102260.0,
20200515,3.0,13.1,344.0,19.6,11.3,3.1,0.0,102380.0,
20200516,5.0,11.7,311.0,19.1,13.3,7.6,0.0,102440.0,
20200517,7.0,7.7,278.0,21.1,14.4,7.7,0.0,102380.0,
20200518,6.0,9.7,305.0,24.0,17.1,10.2,0.0,102360.0,
20200519,2.0,13.1,362.0,26.1,18.8,11.6,0.0,102330.0,
20200520,5.0,13.8,364.0,27.9,20.5,13.1,0.0,102140.0,
20200521,5.0,16.0,380.0,27.5,20.3,13.1,0.0,101920.0,
20200522,2.0,13.3,354.0,23.2,20.0,16.9,0.0,101480.0,
20200523,3.0,8.8,304.0,20.0,15.6,11.2,2.0,102170.0,
20200524,3.0,11.0,320.0,22.6,16.5,10.5,0.0,102970.0,
20200525,2.0,8.5,305.0,26.1,18.1,10.1,0.0,103420.0,
20200526,7.0,15.2,386.0,26.6,19.1,11.6,0.0,103520.0,
20200527,6.0,13.0,343.0,26.4,20.0,13.7,0.0,103510.0,
20200528,2.0,11.2,340.0,22.6,17.1,11.6,0.0,103420.0,
20200529,1.0,15.4,395.0,24.4,17.7,11.1,0.0,102810.0,
20200530,0.0,15.7,397.0,25.7,17.8,10.0,0.0,102330.0,
20200531,0.0,15.3,398.0,25.4,18.9,12.5,0.0,102240.0,
20200601,1.0,15.7,399.0,26.9,19.1,11.4,0.0,102250.0,
20200602,4.0,15.6,394.0,25.5,18.9,12.4,0.0,101950.0,
20200603,8.0,13.1,348.0,19.2,16.4,13.6,0.4,100920.0,
20200604,7.0,0.3,121.0,16.6,13.6,10.6,,100410.0,
20200605,4.0,1.2,194.0,16.5,,,1.0,99710.0,
20200606,7.0,5.4,234.0,14.6,10.9,7.2,10.0,99900.0,
20200607,7.0,3.4,189.0,18.7,13.4,8.1,2.0,100810.0,
20200608,4.0,4.6,212.0,16.6,13.5,10.5,0.0,101820.0,
20200609,7.0,2.5,229.0,20.1,15.3,10.6,0.0,102020.0,
20200610,8.0,4.5,249.0,16.5,14.6,12.7,5.0,101570.0,
20200611,7.0,0.5,108.0,21.5,16.2,11.0,0.8,101170.0,
20200612,7.0,1.7,156.0,21.5,17.6,13.7,2.0,100590.0,
20200613,4.0,3.1,192.0,25.1,18.7,12.4,2.0,100770.0,
20200614,6.0,8.4,302.0,23.0,18.0,13.0,0.0,101360.0,
20200615,5.0,8.8,305.0,25.4,18.5,11.6,1.0,101610.0,
20200616,4.0,8.6,299.0,25.0,19.3,13.6,0.2,101440.0,
20200617,7.0,8.9,273.0,22.6,17.7,12.9,11.0,101210.0,
20200618,5.0,0.9,164.0,19.1,16.5,13.9,9.8,101040.0,
20200619,7.0,2.8,149.0,20.9,17.2,13.5,0.4,101360.0,
20200620,4.0,2.1,191.0,23.1,17.5,11.9,0.6,101930.0,
20200621,4.0,7.0,280.0,24.0,19.0,14.1,0.6,101650.0,
20200622,3.0,7.7,292.0,24.0,17.2,10.4,0.0,102440.0,
20200623,1.0,15.9,402.0,28.6,20.2,11.9,0.0,102370.0,
20200624,0.0,15.7,388.0,32.6,24.6,16.7,0.0,102020.0,
20200625,1.0,15.7,389.0,33.5,25.9,18.4,0.0,101560.0,
20200626,4.0,15.2,380.0,31.1,25.3,19.5,3.0,100920.0,
20200627,5.0,11.6,321.0,21.5,18.4,15.4,0.8,100510.0,
20200628,5.0,2.6,198.0,22.1,17.2,12.4,1.8,100890.0,
20200629,5.0,7.2,283.0,21.7,16.9,12.2,0.0,100980.0,
20200630,7.0,1.9,211.0,19.6,16.2,12.9,0.6,100760.0,
20200701,6.0,0.2,147.0,22.6,18.4,14.2,2.0,100540.0,
20200702,5.0,3.5,211.0,22.6,17.3,12.0,2.0,101060.0,
20200703,7.0,5.8,253.0,22.6,17.3,12.1,3.0,101590.0,
20200704,8.0,5.0,258.0,21.5,18.0,14.6,0.0,101120.0,
20200705,3.0,1.5,153.0,23.1,20.0,16.9,0.0,101050.0,
20200706,4.0,9.7,342.0,20.2,15.8,11.5,0.0,101840.0,
20200707,7.0,4.1,222.0,22.6,17.0,11.4,8.0,102080.0,
20200708,8.0,3.8,200.0,20.5,16.8,13.2,2.8,101500.0,
20200709,7.0,0.1,129.0,20.6,18.1,15.7,2.8,101190.0,
20200710,6.0,0.4,122.0,19.7,16.0,12.4,0.0,101960.0,
20200711,4.0,6.0,279.0,21.6,15.1,8.7,0.0,102700.0,
20200712,7.0,11.0,320.0,25.2,17.6,10.0,0.0,102750.0,
20200713,7.0,13.8,366.0,26.2,19.4,12.7,1.0,102370.0,
20200714,7.0,7.0,290.0,23.1,19.1,15.2,0.0,101670.0,
20200715,8.0,1.5,196.0,19.5,16.5,13.6,0.0,101600.0,
20200716,6.0,1.0,133.0,,,16.1,,102030.0,
20200717,2.0,3.8,220.0,28.6,22.8,17.0,0.0,102060.0,
20200718,5.0,11.8,351.0,26.4,20.7,15.1,0.2,101850.0,
20200719,6.0,7.6,307.0,21.5,18.7,15.9,0.6,101760.0,
20200720,1.0,3.5,198.0,22.6,16.6,10.6,0.0,102260.0,
20200721,3.0,14.7,377.0,22.7,16.4,10.2,0.0,102600.0,
20200722,4.0,13.0,360.0,26.4,20.0,13.6,0.0,102360.0,
20200723,7.0,10.6,325.0,26.6,20.0,13.4,0.0,101680.0,
20200724,7.0,4.0,245.0,25.6,20.8,16.1,0.0,101250.0,
20200725,7.0,1.1,180.0,23.1,20.3,17.5,8.0,100800.0,
20200726,6.0,0.7,129.0,23.7,18.1,12.6,2.4,100980.0,
20200727,7.0,3.3,196.0,21.6,18.6,15.6,2.4,100810.0,
20200728,3.0,1.0,128.0,21.6,17.0,12.5,0.0,101310.0,
20200729,6.0,7.8,256.0,24.6,17.1,9.6,0.0,101990.0,
20200730,1.0,12.1,337.0,29.7,21.3,13.0,0.0,101840.0,
20200731,0.0,14.8,351.0,37.9,27.2,16.6,0.0,101130.0,
20200801,4.0,10.6,305.0,27.7,21.7,15.7,0.0,101460.0,
20200802,3.0,10.4,299.0,25.5,18.5,11.6,0.0,101640.0,
20200803,2.0,9.9,303.0,23.6,18.7,13.9,0.0,101560.0,
20200804,3.0,10.0,289.0,25.0,18.0,11.1,0.0,101630.0,
20200805,6.0,9.4,275.0,26.9,21.2,15.6,0.0,101280.0,
20200806,7.0,6.8,270.0,29.7,23.9,18.2,0.0,101640.0,
20200807,2.0,6.2,232.0,36.5,26.2,16.0,0.0,101780.0,
20200808,7.0,9.9,278.0,33.5,27.1,20.7,0.0,101870.0,
20200809,3.0,7.3,256.0,33.9,25.6,17.4,0.0,101800.0,
20200810,3.0,10.9,290.0,,,18.7,0.0,101370.0,
20200811,1.0,12.8,297.0,35.7,28.4,21.2,0.0,101400.0,
20200812,3.0,10.1,267.0,35.5,28.6,21.7,0.4,101290.0,
20200813,6.0,8.1,227.0,28.5,24.9,21.4,3.0,101220.0,
20200814,8.0,3.4,152.0,20.2,18.7,17.2,0.8,101360.0,
20200815,8.0,0.0,75.0,19.6,18.1,16.6,0.0,101470.0,
20200816,5.0,0.4,76.0,24.9,21.7,18.6,0.8,101070.0,
20200817,6.0,1.8,152.0,25.1,20.1,15.1,3.0,100780.0,
20200818,4.0,6.3,223.0,25.1,20.6,16.2,3.0,100870.0,
20200819,7.0,5.2,182.0,19.6,17.2,14.9,13.6,100440.0,
20200820,1.0,1.7,85.0,25.9,21.0,16.1,0.0,100220.0,
20200821,5.0,12.2,287.0,24.0,20.8,17.6,0.0,100270.0,
20200822,3.0,5.4,209.0,24.5,20.4,16.4,0.2,101120.0,
20200823,5.0,9.5,253.0,23.6,19.1,14.7,0.0,101600.0,
20200824,6.0,5.0,208.0,23.7,18.6,13.6,11.0,101560.0,
20200825,6.0,2.3,176.0,22.5,19.0,15.6,3.0,100270.0,
20200826,6.0,1.8,135.0,23.6,19.4,15.2,0.0,101040.0,
20200827,7.0,4.8,194.0,18.4,15.7,13.0,11.0,101200.0,
20200828,7.0,1.2,105.0,20.4,16.7,13.0,6.0,100100.0,
20200829,7.0,3.6,176.0,16.4,13.8,11.2,0.4,100770.0,
20200830,7.0,0.7,123.0,18.0,14.8,11.6,0.0,101680.0,
20200831,7.0,2.5,134.0,18.5,13.3,8.1,0.0,102190.0,
20200901,1.0,4.9,195.0,21.0,13.8,6.6,0.0,102090.0,
20200902,5.0,10.7,239.0,20.5,14.8,9.1,1.0,101920.0,
20200903,7.0,3.6,136.0,22.5,19.0,15.5,1.0,101560.0,
20200904,7.0,0.4,93.0,20.9,16.7,12.5,0.6,102070.0,
20200905,3.0,3.4,153.0,20.1,14.8,9.6,0.0,102100.0,
20200906,6.0,8.1,201.0,20.6,15.3,10.1,0.0,102080.0,
20200907,6.0,4.4,179.0,22.0,16.0,10.0,0.0,102290.0,
20200908,5.0,1.9,142.0,25.7,20.9,16.1,0.0,102400.0,
20200909,5.0,3.5,150.0,22.4,18.4,14.4,0.0,102350.0,
20200910,4.0,2.3,121.0,20.4,14.7,9.1,0.0,102360.0,
20200911,6.0,8.9,211.0,20.4,14.5,8.7,0.2,101760.0,
20200912,5.0,5.5,184.0,22.7,17.5,12.4,0.0,101870.0,
20200913,2.0,9.6,213.0,25.6,19.2,12.9,0.0,102310.0,
20200914,0.0,12.8,231.0,29.6,20.5,11.4,0.0,102170.0,
20200915,3.0,11.8,226.0,29.5,22.3,15.1,0.0,101780.0,
20200916,5.0,9.3,195.0,26.6,22.6,18.6,0.0,102270.0,
20200917,1.0,7.5,179.0,22.6,17.7,12.9,0.0,102830.0,
20200918,3.0,11.9,220.0,22.0,15.8,9.7,0.0,102320.0,
20200919,2.0,10.7,212.0,25.2,18.9,12.6,0.0,101750.0,
20200920,0.0,10.9,202.0,25.2,19.4,13.7,0.0,101840.0,
20200921,4.0,10.8,194.0,24.9,19.4,13.9,0.0,101780.0,
20200922,3.0,8.3,173.0,25.7,18.9,12.2,1.0,101050.0,
20200923,7.0,8.4,165.0,18.6,17.0,15.4,7.0,100080.0,
20200924,5.0,0.6,86.0,16.9,12.5,8.1,3.0,99640.0,
20200925,5.0,3.4,112.0,15.1,10.8,6.5,0.2,100090.0,
20200926,4.0,6.2,164.0,13.6,10.1,6.6,0.0,101110.0,
20200927,7.0,5.0,146.0,14.6,12.6,10.6,0.0,101260.0,
20200928,3.0,1.6,92.0,18.2,13.2,8.2,2.0,101360.0,
20200929,5.0,5.8,156.0,19.6,17.1,14.7,0.2,101490.0,
20200930,7.0,4.0,130.0,18.1,14.1,10.2,3.0,100870.0,
20201001,6.0,0.9,74.0,16.4,13.7,11.0,4.0,99820.0,
20201002,8.0,2.1,94.0,13.2,11.5,9.9,30.0,98840.0,
20201003,8.0,0.0,30.0,15.9,14.4,12.9,31.0,98680.0,
20201004,8.0,0.3,57.0,11.1,10.0,8.9,5.0,98210.0,
20201005,6.0,0.9,54.0,18.6,13.8,9.1,3.4,99390.0,
20201006,5.0,3.7,124.0,17.5,14.2,10.9,0.0,99780.0,
20201007,5.0,4.7,123.0,17.0,12.6,8.2,4.0,101170.0,
20201008,7.0,5.1,132.0,,,12.2,0.4,101110.0,
20201009,3.0,1.4,81.0,15.1,10.6,6.2,2.0,101860.0,
20201010,4.0,2.9,86.0,14.1,9.5,4.9,0.0,102240.0,
20201011,4.0,0.2,70.0,14.6,11.3,8.1,0.0,102490.0,
20201012,7.0,6.1,111.0,13.6,9.9,6.2,4.0,102070.0,
20201013,6.0,0.0,53.0,11.9,9.0,6.2,1.8,101050.0,
20201014,5.0,0.6,69.0,14.9,11.6,8.4,2.2,101960.0,
20201015,4.0,2.7,97.0,13.5,10.6,7.7,1.0,102430.0,
20201016,3.0,4.9,111.0,14.2,10.7,7.2,0.0,102480.0,
20201017,7.0,2.7,75.0,12.6,11.1,9.6,0.0,102270.0,
20201018,7.0,0.0,51.0,13.0,9.9,6.9,0.0,102390.0,
20201019,7.0,0.9,69.0,16.1,11.8,7.6,2.0,101660.0,
20201020,7.0,2.9,97.0,18.9,15.5,12.1,4.2,100190.0,
20201021,7.0,0.7,67.0,16.1,15.1,14.1,13.0,99650.0,
20201022,4.0,0.8,36.0,17.0,14.3,11.6,0.0,100720.0,
20201023,7.0,4.6,90.0,16.7,13.4,10.1,0.0,100840.0,
20201024,7.0,2.0,59.0,16.2,12.1,8.0,21.0,100340.0,
20201025,1.0,0.9,48.0,13.0,10.2,7.4,0.8,99620.0,
20201026,3.0,3.1,75.0,13.5,10.0,6.5,0.4,99730.0,
20201027,4.0,2.4,63.0,14.1,9.5,5.0,1.0,99860.0,
20201028,6.0,0.0,36.0,13.9,10.9,8.0,2.2,100180.0,
20201029,8.0,1.0,58.0,14.6,11.1,7.6,3.0,101130.0,
20201030,8.0,0.0,28.0,16.2,15.2,14.2,0.2,101540.0,
20201031,7.0,0.0,30.0,15.6,14.5,13.5,7.0,101240.0,
20201101,8.0,0.7,29.0,17.2,13.7,10.2,0.4,100450.0,
20201102,4.0,0.7,37.0,17.1,16.6,16.1,3.8,100360.0,
20201103,4.0,3.7,74.0,11.5,8.8,6.2,2.0,101790.0,
20201104,1.0,3.6,72.0,12.4,6.7,1.1,0.0,103200.0,
20201105,4.0,6.9,86.0,10.9,6.2,1.5,0.2,103900.0,
20201106,6.0,3.0,61.0,12.0,6.8,1.6,0.2,103040.0,
20201107,4.0,2.9,67.0,15.4,9.7,4.1,0.2,102040.0,
20201108,7.0,4.8,71.0,14.1,11.3,8.6,2.0,101810.0,
20201109,7.0,0.0,34.0,16.4,13.2,10.0,7.0,101910.0,
20201110,4.0,0.0,38.0,16.1,12.9,9.7,0.0,102270.0,
20201111,8.0,2.5,55.0,14.0,10.0,6.1,6.2,101920.0,
20201112,4.0,0.2,37.0,13.6,11.5,9.5,0.0,101260.0,
20201113,4.0,4.4,66.0,12.9,11.2,9.5,1.4,101190.0,
20201114,8.0,2.4,49.0,14.1,11.3,8.5,17.0,100820.0,
20201115,4.0,0.7,23.0,13.6,12.8,12.0,6.0,99650.0,
20201116,7.0,1.9,45.0,12.5,9.9,7.4,0.8,101060.0,
20201117,7.0,0.4,35.0,14.6,12.6,10.7,0.0,101990.0,
20201118,7.0,1.2,41.0,16.0,13.5,11.1,0.6,101700.0,
20201119,4.0,1.6,40.0,10.6,9.2,7.9,0.2,102430.0,
20201120,8.0,1.5,29.0,9.7,5.3,0.9,1.0,103380.0,
20201121,7.0,0.0,27.0,12.6,11.1,9.6,0.2,102720.0,
20201122,6.0,0.4,32.0,11.1,10.2,9.4,0.2,102630.0,
20201123,7.0,2.8,45.0,10.5,6.3,2.1,0.0,102740.0,
20201124,7.0,0.9,33.0,12.5,10.2,8.0,0.0,101840.0,
20201125,7.0,1.5,40.0,13.7,10.4,7.1,0.2,101220.0,
20201126,4.0,0.4,23.0,9.0,6.5,4.1,0.0,102080.0,
20201127,7.0,0.8,34.0,6.5,2.9,-0.6,0.2,101970.0,
20201128,8.0,1.6,35.0,10.1,7.6,5.1,0.0,101780.0,
20201129,8.0,0.0,20.0,8.2,8.2,8.2,0.0,102540.0,
20201130,7.0,0.0,17.0,10.2,7.6,5.1,0.0,102480.0,
20201201,2.0,1.0,22.0,8.0,5.9,3.9,0.0,102520.0,
20201202,7.0,5.0,51.0,7.0,4.5,2.1,0.4,101960.0,
20201203,6.0,0.0,20.0,7.4,5.2,3.1,15.0,99340.0,
20201204,7.0,0.0,8.0,5.7,4.4,3.2,0.0,97660.0,
20201205,2.0,0.8,26.0,8.1,5.6,3.1,0.0,98950.0,
20201206,7.0,2.4,37.0,5.2,3.6,2.0,0.2,100130.0,
20201207,8.0,1.0,24.0,2.2,0.9,-0.3,3.0,99940.0,
20201208,7.0,0.2,18.0,4.5,2.2,0.0,2.2,100280.0,
20201209,7.0,1.3,33.0,6.6,4.5,2.4,0.0,100630.0,
20201210,7.0,0.0,25.0,7.5,6.0,4.5,9.0,100000.0,
20201211,6.0,0.0,16.0,11.2,9.0,6.9,0.0,98740.0,
20201212,1.0,0.1,28.0,9.9,8.4,7.0,0.0,99720.0,
20201213,8.0,0.0,27.0,11.1,5.8,0.5,6.0,100340.0,
20201214,6.0,0.5,16.0,12.6,11.1,9.6,1.4,99870.0,
20201215,2.0,2.4,32.0,11.6,8.6,5.6,1.0,100480.0,
20201216,7.0,3.1,36.0,10.6,8.6,6.6,3.2,100710.0,
20201217,3.0,1.1,25.0,11.6,8.9,6.2,0.0,101320.0,
20201218,8.0,4.4,38.0,11.6,10.3,9.0,1.8,101130.0,
20201219,3.0,0.5,15.0,12.5,11.2,9.9,9.0,100450.0,
20201220,1.0,3.3,37.0,10.6,8.6,6.7,0.6,101170.0,
20201221,8.0,3.9,37.0,13.9,9.5,5.1,3.0,100770.0,
20201222,8.0,0.0,16.0,11.7,11.7,11.7,0.6,100970.0,
20201223,7.0,0.0,23.0,14.0,12.0,10.1,1.8,100550.0,
20201224,2.0,1.3,32.0,6.1,6.1,6.1,0.0,101830.0,
20201225,6.0,3.5,40.0,4.6,2.6,0.7,0.0,103100.0,
20201226,,2.1,38.0,10.0,4.9,-0.1,12.0,101960.0,
20201227,1.0,0.9,32.0,7.5,7.5,7.6,2.0,98000.0,
20201228,7.0,3.7,38.0,3.6,1.1,-1.3,0.2,97370.0,
20201229,7.0,0.0,21.0,4.1,2.6,1.1,0.0,98830.0,
20201230,6.0,0.4,22.0,5.6,2.7,-0.1,0.0,100200.0,
20201231,7.0,1.3,34.0,1.5,-0.8,-3.1,0.0,100500.0,
